RAxML_distances.1.10.10.10.dist,3.7307874195357513
RAxML_distances.1.10.10.1260.dist,1e-06
RAxML_distances.1.10.10.1350.dist,1.0630175
RAxML_distances.1.10.10.1530.dist,1.0000000000000002e-06
RAxML_distances.1.10.10.160.dist,2.2341579
RAxML_distances.1.10.10.1700.dist,0.4562832
RAxML_distances.1.10.10.1760.dist,0.7444743333333333
RAxML_distances.1.10.10.180.dist,0.0659395
RAxML_distances.1.10.10.200.dist,2.413340972222222
RAxML_distances.1.10.10.2060.dist,1.0000000000000002e-06
RAxML_distances.1.10.10.250.dist,1.0922432363636363
RAxML_distances.1.10.10.2570.dist,1.0000000000000002e-06
RAxML_distances.1.10.10.2790.dist,0.6045618333333334
RAxML_distances.1.10.10.350.dist,1.89202275
RAxML_distances.1.10.10.370.dist,0.5800205999999999
RAxML_distances.1.10.10.400.dist,2.095182809523809
RAxML_distances.1.10.10.440.dist,1.9194218416666673
RAxML_distances.1.10.10.460.dist,1.1027301428571428
RAxML_distances.1.10.10.540.dist,0.9323731000000002
RAxML_distances.1.10.10.60.dist,3.289634900633446
RAxML_distances.1.10.10.740.dist,0.9020865999999998
RAxML_distances.1.10.10.750.dist,2.0442933
RAxML_distances.1.10.10.790.dist,1.6019846071428567
RAxML_distances.1.10.10.820.dist,1.4930769
RAxML_distances.1.10.10.930.dist,0.7352581333333332
RAxML_distances.1.10.100.10.dist,1.1603492888888889
RAxML_distances.1.10.1000.11.dist,0.9737461090909094
RAxML_distances.1.10.101.10.dist,3.338498694444444
RAxML_distances.1.10.1040.10.dist,3.1286320696629204
RAxML_distances.1.10.1040.30.dist,0.9218913333333333
RAxML_distances.1.10.1040.50.dist,1.8516586666666668
RAxML_distances.1.10.1050.10.dist,0.9093635999999999
RAxML_distances.1.10.1060.10.dist,1.8430382142857142
RAxML_distances.1.10.1070.11.dist,1.2683477142857142
RAxML_distances.1.10.1080.10.dist,1.2947426000000002
RAxML_distances.1.10.1090.10.dist,0.6270296
RAxML_distances.1.10.110.10.dist,2.074113527093596
RAxML_distances.1.10.110.30.dist,0.5290872666666666
RAxML_distances.1.10.1130.10.dist,1.9201184476190487
RAxML_distances.1.10.1140.10.dist,1.413716457142857
RAxML_distances.1.10.1160.10.dist,1.7125681794871797
RAxML_distances.1.10.1170.10.dist,1.2876562252964427
RAxML_distances.1.10.12.10.dist,2.908219308016883
RAxML_distances.1.10.12.70.dist,1.0779745
RAxML_distances.1.10.1200.10.dist,2.2933601432692323
RAxML_distances.1.10.1200.20.dist,0.6381008333333332
RAxML_distances.1.10.1200.210.dist,1.2749454615384614
RAxML_distances.1.10.1200.240.dist,0.5604586666666665
RAxML_distances.1.10.1200.270.dist,1.6746168333333333
RAxML_distances.1.10.1200.30.dist,1.3557590999999998
RAxML_distances.1.10.1220.10.dist,2.442429412698413
RAxML_distances.1.10.1240.10.dist,2.30262419047619
RAxML_distances.1.10.1240.100.dist,1.5583353809523812
RAxML_distances.1.10.1240.30.dist,1.0573296666666667
RAxML_distances.1.10.1270.10.dist,1.4092876
RAxML_distances.1.10.1270.20.dist,1.159382483516483
RAxML_distances.1.10.1280.10.dist,2.424989181818182
RAxML_distances.1.10.1300.10.dist,1.425196806324111
RAxML_distances.1.10.132.20.dist,1.41988035
RAxML_distances.1.10.132.30.dist,1.5661875833333336
RAxML_distances.1.10.132.60.dist,1.696412857142857
RAxML_distances.1.10.132.70.dist,1.4143793
RAxML_distances.1.10.1330.10.dist,1.863382444444444
RAxML_distances.1.10.135.10.dist,1.0821554380952376
RAxML_distances.1.10.1370.30.dist,1.889047666666667
RAxML_distances.1.10.1370.40.dist,1.003524
RAxML_distances.1.10.1380.10.dist,1.6132798999999998
RAxML_distances.1.10.1390.10.dist,1.8863254230769224
RAxML_distances.1.10.1400.10.dist,2.0853405
RAxML_distances.1.10.1410.10.dist,1.9477538571428572
RAxML_distances.1.10.1410.20.dist,0.9016211666666667
RAxML_distances.1.10.1410.40.dist,2.308445
RAxML_distances.1.10.1420.10.dist,2.1107305294117635
RAxML_distances.1.10.1450.10.dist,0.5769400999999998
RAxML_distances.1.10.150.110.dist,1.6063471515151515
RAxML_distances.1.10.150.120.dist,1.2173767132352944
RAxML_distances.1.10.150.130.dist,2.7507956263157887
RAxML_distances.1.10.150.190.dist,1.4305923
RAxML_distances.1.10.150.20.dist,2.919584846434699
RAxML_distances.1.10.150.210.dist,1.9649816666666668
RAxML_distances.1.10.150.240.dist,3.977839803039168
RAxML_distances.1.10.150.250.dist,1.5123596
RAxML_distances.1.10.150.300.dist,1.6311317000000003
RAxML_distances.1.10.150.50.dist,2.5003394517508784
RAxML_distances.1.10.150.510.dist,0.977138
RAxML_distances.1.10.150.60.dist,1.4775682087912085
RAxML_distances.1.10.150.630.dist,1.0000000000000002e-06
RAxML_distances.1.10.150.80.dist,2.607465547368421
RAxML_distances.1.10.150.90.dist,1.8578324888888893
RAxML_distances.1.10.1520.10.dist,2.053767847619048
RAxML_distances.1.10.1530.10.dist,2.0009592909090905
RAxML_distances.1.10.1610.10.dist,1.2114079333333334
RAxML_distances.1.10.1620.10.dist,0.8899925
RAxML_distances.1.10.1630.10.dist,0.17839016666666666
RAxML_distances.1.10.1650.10.dist,0.8413293999999999
RAxML_distances.1.10.166.10.dist,0.6168197333333334
RAxML_distances.1.10.1660.10.dist,1.9023390653594758
RAxML_distances.1.10.167.10.dist,1.8991182012012013
RAxML_distances.1.10.1670.10.dist,2.7116679220779223
RAxML_distances.1.10.1670.40.dist,1.5914101666666667
RAxML_distances.1.10.168.20.dist,1.0686310000000003
RAxML_distances.1.10.1740.10.dist,3.3355834150197614
RAxML_distances.1.10.1760.20.dist,2.2185510909090915
RAxML_distances.1.10.1780.10.dist,2.0636945238095237
RAxML_distances.1.10.1790.10.dist,1.6991845
RAxML_distances.1.10.1840.10.dist,1.1238103406593403
RAxML_distances.1.10.189.10.dist,0.9518791666666666
RAxML_distances.1.10.1900.10.dist,1.6817008190476181
RAxML_distances.1.10.196.10.dist,1.0502111380952384
RAxML_distances.1.10.20.10.dist,2.9096430280898966
RAxML_distances.1.10.20.60.dist,2.1191256
RAxML_distances.1.10.2000.10.dist,1.8512207352941177
RAxML_distances.1.10.2020.10.dist,2.1396943
RAxML_distances.1.10.2090.10.dist,0.8576025999999999
RAxML_distances.1.10.220.10.dist,1.8246014453477828
RAxML_distances.1.10.220.150.dist,1.9096772179487185
RAxML_distances.1.10.220.20.dist,1.418794025641025
RAxML_distances.1.10.220.30.dist,1.8250114888888893
RAxML_distances.1.10.220.60.dist,0.009042600000000001
RAxML_distances.1.10.225.10.dist,2.3985411437908493
RAxML_distances.1.10.230.10.dist,1.6352198892307692
RAxML_distances.1.10.238.10.dist,2.379841272825795
RAxML_distances.1.10.238.120.dist,1e-06
RAxML_distances.1.10.238.150.dist,1.0000000000000002e-06
RAxML_distances.1.10.238.20.dist,2.4344490598290607
RAxML_distances.1.10.238.200.dist,1.1900651999999998
RAxML_distances.1.10.240.10.dist,2.511845353741497
RAxML_distances.1.10.245.10.dist,0.9836127238095232
RAxML_distances.1.10.246.10.dist,2.3218225374149672
RAxML_distances.1.10.246.130.dist,1.3315493333333335
RAxML_distances.1.10.246.20.dist,1.7699443
RAxML_distances.1.10.246.90.dist,0.7395514000000001
RAxML_distances.1.10.260.30.dist,0.5026713596837938
RAxML_distances.1.10.260.40.dist,2.720357543114554
RAxML_distances.1.10.268.10.dist,1.888981064102564
RAxML_distances.1.10.274.100.dist,1.4683306
RAxML_distances.1.10.274.20.dist,1.6789158333333332
RAxML_distances.1.10.274.60.dist,1.1231476666666664
RAxML_distances.1.10.274.70.dist,1.0398124000000002
RAxML_distances.1.10.275.10.dist,3.360227419306187
RAxML_distances.1.10.286.10.dist,1.4835561
RAxML_distances.1.10.286.20.dist,1.495729833333333
RAxML_distances.1.10.286.40.dist,0.6140386
RAxML_distances.1.10.287.10.dist,2.8134384920634927
RAxML_distances.1.10.287.100.dist,4.33540256060606
RAxML_distances.1.10.287.1050.dist,0.2410507
RAxML_distances.1.10.287.1060.dist,2.720006014245013
RAxML_distances.1.10.287.1080.dist,1.9614205321637412
RAxML_distances.1.10.287.110.dist,1.786340120512819
RAxML_distances.1.10.287.1130.dist,1.1585033333333332
RAxML_distances.1.10.287.1250.dist,0.7920984666666667
RAxML_distances.1.10.287.130.dist,2.3618099763440883
RAxML_distances.1.10.287.1350.dist,1.0885728000000001
RAxML_distances.1.10.287.1480.dist,1.5428613333333334
RAxML_distances.1.10.287.1490.dist,0.9506832500000001
RAxML_distances.1.10.287.150.dist,0.6451119000000001
RAxML_distances.1.10.287.160.dist,2.1114772142857143
RAxML_distances.1.10.287.1700.dist,1.4054203333333335
RAxML_distances.1.10.287.1770.dist,1.8091815333333334
RAxML_distances.1.10.287.20.dist,0.6753295
RAxML_distances.1.10.287.210.dist,2.0111839153225803
RAxML_distances.1.10.287.2170.dist,0.5066303333333334
RAxML_distances.1.10.287.230.dist,2.5858699
RAxML_distances.1.10.287.2460.dist,1.6330311388888883
RAxML_distances.1.10.287.2900.dist,1.7785475
RAxML_distances.1.10.287.30.dist,0.9622308333333334
RAxML_distances.1.10.287.310.dist,1.3158338545454547
RAxML_distances.1.10.287.3440.dist,0.9684909999999999
RAxML_distances.1.10.287.3510.dist,1.1697723333333334
RAxML_distances.1.10.287.3610.dist,0.04387809999999999
RAxML_distances.1.10.287.370.dist,1.2902848
RAxML_distances.1.10.287.3700.dist,0.8127683333333333
RAxML_distances.1.10.287.3980.dist,1.1784088888888893
RAxML_distances.1.10.287.40.dist,1.6646466388888885
RAxML_distances.1.10.287.4070.dist,1.0803146666666665
RAxML_distances.1.10.287.450.dist,1.2585696666666666
RAxML_distances.1.10.287.470.dist,2.387112972222222
RAxML_distances.1.10.287.540.dist,2.106777236363637
RAxML_distances.1.10.287.600.dist,1.1328013333333333
RAxML_distances.1.10.287.610.dist,2.596605381818183
RAxML_distances.1.10.287.630.dist,0.5713520952380954
RAxML_distances.1.10.287.650.dist,1.8368057500000008
RAxML_distances.1.10.287.660.dist,1.7477158333333331
RAxML_distances.1.10.287.690.dist,1.42953631372549
RAxML_distances.1.10.287.70.dist,2.6379784864253364
RAxML_distances.1.10.287.710.dist,0.8744588
RAxML_distances.1.10.287.750.dist,0.6357613999999999
RAxML_distances.1.10.287.770.dist,1.671151571428571
RAxML_distances.1.10.287.80.dist,0.8521981666666667
RAxML_distances.1.10.287.810.dist,1.2229439285714285
RAxML_distances.1.10.287.850.dist,1.4753310000000002
RAxML_distances.1.10.287.860.dist,0.48285416666666675
RAxML_distances.1.10.287.890.dist,1.4174743
RAxML_distances.1.10.287.90.dist,2.124364095238094
RAxML_distances.1.10.287.940.dist,0.9071567
RAxML_distances.1.10.287.950.dist,0.8399808333333333
RAxML_distances.1.10.287.990.dist,1.2738840626262626
RAxML_distances.1.10.290.10.dist,1.7699554285714285
RAxML_distances.1.10.30.10.dist,1.7796578115384594
RAxML_distances.1.10.300.10.dist,1.4868859999999997
RAxML_distances.1.10.3020.10.dist,1.7137806666666666
RAxML_distances.1.10.3060.10.dist,0.9505256000000001
RAxML_distances.1.10.3080.10.dist,1.1754315
RAxML_distances.1.10.3090.10.dist,2.0184015
RAxML_distances.1.10.3110.10.dist,1.1896246666666668
RAxML_distances.1.10.3120.10.dist,1.5138272000000002
RAxML_distances.1.10.3130.10.dist,1.6009976785714286
RAxML_distances.1.10.3130.20.dist,1.0481378095238096
RAxML_distances.1.10.3140.10.dist,1.4170253333333334
RAxML_distances.1.10.3160.10.dist,1.5031202000000001
RAxML_distances.1.10.3210.10.dist,3.0595384390243874
RAxML_distances.1.10.3210.30.dist,2.3225123333333335
RAxML_distances.1.10.3260.10.dist,1.6552537499999995
RAxML_distances.1.10.3270.10.dist,1.235965
RAxML_distances.1.10.3290.10.dist,2.2785800000000003
RAxML_distances.1.10.3330.10.dist,1.8902428333333334
RAxML_distances.1.10.3340.10.dist,0.5784266666666668
RAxML_distances.1.10.3380.10.dist,1.2838579999999997
RAxML_distances.1.10.3380.30.dist,1.9669077000000001
RAxML_distances.1.10.3390.10.dist,1.1072482
RAxML_distances.1.10.340.30.dist,2.512848540229887
RAxML_distances.1.10.3430.10.dist,2.0785254166666665
RAxML_distances.1.10.3460.10.dist,1.1682327499999998
RAxML_distances.1.10.3470.10.dist,1.0532418
RAxML_distances.1.10.3520.10.dist,1.6374852857142854
RAxML_distances.1.10.357.10.dist,2.997682983692877
RAxML_distances.1.10.3660.10.dist,1.6115464285714285
RAxML_distances.1.10.3710.10.dist,1.1255220000000001
RAxML_distances.1.10.3720.10.dist,1.9734635714285713
RAxML_distances.1.10.3730.10.dist,1.1938706666666665
RAxML_distances.1.10.375.10.dist,1.9305156725146184
RAxML_distances.1.10.3810.10.dist,1.2034645999999998
RAxML_distances.1.10.3880.10.dist,0.645905
RAxML_distances.1.10.390.10.dist,3.1527780968660974
RAxML_distances.1.10.3930.10.dist,1.512166
RAxML_distances.1.10.3950.10.dist,0.019186666666666668
RAxML_distances.1.10.40.30.dist,2.382551017948723
RAxML_distances.1.10.40.40.dist,1.3445015333333334
RAxML_distances.1.10.40.50.dist,1.3146326666666666
RAxML_distances.1.10.400.10.dist,1.347853803030303
RAxML_distances.1.10.4000.10.dist,0.021871
RAxML_distances.1.10.4020.10.dist,1.100622
RAxML_distances.1.10.4030.10.dist,1.2590641666666664
RAxML_distances.1.10.405.10.dist,2.5995904852941174
RAxML_distances.1.10.4080.10.dist,1.7431603928571433
RAxML_distances.1.10.4090.10.dist,0.31178066666666665
RAxML_distances.1.10.4100.10.dist,1.1899363333333333
RAxML_distances.1.10.418.10.dist,2.37566498688376
RAxML_distances.1.10.420.10.dist,2.182769474630019
RAxML_distances.1.10.437.10.dist,2.3324520525641046
RAxML_distances.1.10.437.20.dist,1.1209060151515153
RAxML_distances.1.10.439.10.dist,1.8242296944444445
RAxML_distances.1.10.443.10.dist,2.376041600000001
RAxML_distances.1.10.45.10.dist,1.863390179487178
RAxML_distances.1.10.455.10.dist,1.1229202285714288
RAxML_distances.1.10.460.10.dist,1.7960998055555555
RAxML_distances.1.10.468.10.dist,1.3764364999999998
RAxML_distances.1.10.472.10.dist,3.0958702553191544
RAxML_distances.1.10.472.180.dist,0.8739951666666667
RAxML_distances.1.10.472.20.dist,1.6249551428571432
RAxML_distances.1.10.472.50.dist,1.6434196666666665
RAxML_distances.1.10.472.80.dist,1.8515858727272736
RAxML_distances.1.10.472.90.dist,0.6973497
RAxML_distances.1.10.486.10.dist,1.9887281785714284
RAxML_distances.1.10.490.10.dist,2.312758101708543
RAxML_distances.1.10.490.20.dist,1.3527045299539187
RAxML_distances.1.10.490.30.dist,1.0201498
RAxML_distances.1.10.506.10.dist,1.9324426153846161
RAxML_distances.1.10.510.10.dist,2.2900025936778823
RAxML_distances.1.10.520.10.dist,2.304778761099368
RAxML_distances.1.10.520.40.dist,1.6836034999999998
RAxML_distances.1.10.530.10.dist,2.7126875750503023
RAxML_distances.1.10.530.40.dist,0.7734133318318323
RAxML_distances.1.10.533.10.dist,3.5456001617088666
RAxML_distances.1.10.540.10.dist,2.2582820849974414
RAxML_distances.1.10.555.10.dist,1.8186618380952377
RAxML_distances.1.10.560.10.dist,1.5587317866666672
RAxML_distances.1.10.565.10.dist,2.393343064912276
RAxML_distances.1.10.575.10.dist,1.774436071428571
RAxML_distances.1.10.579.10.dist,2.2344085751633997
RAxML_distances.1.10.580.10.dist,1.4982248768115949
RAxML_distances.1.10.590.10.dist,0.8744124
RAxML_distances.1.10.60.10.dist,1.3223571333333335
RAxML_distances.1.10.60.20.dist,0.5881260833333335
RAxML_distances.1.10.600.10.dist,3.2316997633469184
RAxML_distances.1.10.606.10.dist,1.500875533333334
RAxML_distances.1.10.620.20.dist,2.93064183214794
RAxML_distances.1.10.630.10.dist,2.37025986004475
RAxML_distances.1.10.640.10.dist,1.5778631071428568
RAxML_distances.1.10.645.10.dist,1.6034647499999994
RAxML_distances.1.10.720.10.dist,2.1722662999999995
RAxML_distances.1.10.720.30.dist,1.7389158545454542
RAxML_distances.1.10.720.40.dist,0.6878868333333333
RAxML_distances.1.10.730.10.dist,2.3714668102766794
RAxML_distances.1.10.760.10.dist,2.3249285340038273
RAxML_distances.1.10.790.10.dist,0.6762974809523806
RAxML_distances.1.10.8.10.dist,3.7135169283168317
RAxML_distances.1.10.8.100.dist,2.390862318181818
RAxML_distances.1.10.8.1080.dist,1.3528218333333333
RAxML_distances.1.10.8.110.dist,0.845775972222222
RAxML_distances.1.10.8.1210.dist,1.7042012666666664
RAxML_distances.1.10.8.140.dist,1.0688613333333334
RAxML_distances.1.10.8.20.dist,1.076739380952381
RAxML_distances.1.10.8.270.dist,1.3569245333333333
RAxML_distances.1.10.8.280.dist,1.127112
RAxML_distances.1.10.8.40.dist,0.7315884999999999
RAxML_distances.1.10.8.490.dist,9.999999999999997e-07
RAxML_distances.1.10.8.50.dist,2.2282517833333335
RAxML_distances.1.10.8.60.dist,3.1467764971596957
RAxML_distances.1.10.8.70.dist,1.9078661333333335
RAxML_distances.1.10.8.950.dist,0.9643866000000003
RAxML_distances.1.10.800.10.dist,1.118480621212121
RAxML_distances.1.10.820.10.dist,0.1018723
RAxML_distances.1.10.840.10.dist,1.7240521212121205
RAxML_distances.1.10.860.10.dist,2.2869019743589742
RAxML_distances.1.10.880.10.dist,1.3613158333333333
RAxML_distances.1.10.890.10.dist,0.7758659642857141
RAxML_distances.1.10.890.20.dist,1.369801619047619
RAxML_distances.1.10.940.10.dist,2.238950523809524
RAxML_distances.1.10.950.10.dist,1.233798
RAxML_distances.1.20.1020.10.dist,0.7482327142857145
RAxML_distances.1.20.1050.10.dist,2.603909977750086
RAxML_distances.1.20.1050.130.dist,1.9681204666666665
RAxML_distances.1.20.1060.10.dist,1.2261515333333333
RAxML_distances.1.20.1070.10.dist,2.9486762338983037
RAxML_distances.1.20.1080.10.dist,2.252618500000001
RAxML_distances.1.20.1090.10.dist,2.787135752489333
RAxML_distances.1.20.1110.10.dist,1.264334892857143
RAxML_distances.1.20.1120.10.dist,1.4353201090909093
RAxML_distances.1.20.1130.10.dist,0.6118113333333334
RAxML_distances.1.20.1160.11.dist,1.5706263
RAxML_distances.1.20.1160.20.dist,2.1322431666666666
RAxML_distances.1.20.1180.10.dist,1.400870618181818
RAxML_distances.1.20.120.10.dist,1.5734643833992088
RAxML_distances.1.20.120.1140.dist,1e-06
RAxML_distances.1.20.120.1160.dist,0.6167671000000001
RAxML_distances.1.20.120.1240.dist,1.5693412666666668
RAxML_distances.1.20.120.1350.dist,0.7291158333333333
RAxML_distances.1.20.120.140.dist,1.7331322000000005
RAxML_distances.1.20.120.1490.dist,1.1413088571428571
RAxML_distances.1.20.120.160.dist,2.1716759415204683
RAxML_distances.1.20.120.1620.dist,1.6370344
RAxML_distances.1.20.120.20.dist,1.4667506666666668
RAxML_distances.1.20.120.230.dist,2.491341396825396
RAxML_distances.1.20.120.240.dist,0.7019391666666667
RAxML_distances.1.20.120.260.dist,0.8871558
RAxML_distances.1.20.120.290.dist,1.5889909333333336
RAxML_distances.1.20.120.30.dist,1.4329619
RAxML_distances.1.20.120.310.dist,1.913826305555555
RAxML_distances.1.20.120.320.dist,0.7976083333333334
RAxML_distances.1.20.120.330.dist,2.9237748341463363
RAxML_distances.1.20.120.340.dist,1.0924455
RAxML_distances.1.20.120.350.dist,1.6844901428571426
RAxML_distances.1.20.120.420.dist,1.9247382666666673
RAxML_distances.1.20.120.450.dist,2.893997921839084
RAxML_distances.1.20.120.50.dist,2.0650782000000003
RAxML_distances.1.20.120.530.dist,1.9851427777777775
RAxML_distances.1.20.120.550.dist,1.1778101428571428
RAxML_distances.1.20.120.660.dist,1.1491676666666666
RAxML_distances.1.20.120.70.dist,0.8945487
RAxML_distances.1.20.120.720.dist,1.153659266666667
RAxML_distances.1.20.120.730.dist,1.6286009999999995
RAxML_distances.1.20.120.770.dist,0.7413202
RAxML_distances.1.20.120.790.dist,1.4223929047619046
RAxML_distances.1.20.120.80.dist,1.3615374666666662
RAxML_distances.1.20.120.810.dist,1.4103218
RAxML_distances.1.20.120.840.dist,1.2958918333333334
RAxML_distances.1.20.120.920.dist,1.9919416071428577
RAxML_distances.1.20.1200.10.dist,1.7512748476190478
RAxML_distances.1.20.1220.12.dist,1.202416380952381
RAxML_distances.1.20.1240.10.dist,0.5500848
RAxML_distances.1.20.1250.10.dist,3.607745488919043
RAxML_distances.1.20.1250.20.dist,2.829252897727276
RAxML_distances.1.20.1250.40.dist,1.727038466666667
RAxML_distances.1.20.1250.70.dist,0.8581261666666666
RAxML_distances.1.20.1250.80.dist,0.12460216666666664
RAxML_distances.1.20.1260.10.dist,3.0615451605975688
RAxML_distances.1.20.1260.30.dist,2.0138322
RAxML_distances.1.20.1270.10.dist,1.8904503529411754
RAxML_distances.1.20.1270.20.dist,1.3712643333333332
RAxML_distances.1.20.1270.30.dist,1.1727906000000001
RAxML_distances.1.20.1270.50.dist,1.5103408
RAxML_distances.1.20.1270.60.dist,2.6493358935897446
RAxML_distances.1.20.1270.90.dist,1.6976273809523807
RAxML_distances.1.20.1280.170.dist,1.2148079999999999
RAxML_distances.1.20.1280.20.dist,1.7314088333333333
RAxML_distances.1.20.1280.240.dist,1.0000000000000002e-06
RAxML_distances.1.20.1280.290.dist,1.5793796666666664
RAxML_distances.1.20.1280.40.dist,0.501761
RAxML_distances.1.20.1280.50.dist,1.870457769230768
RAxML_distances.1.20.1290.10.dist,1.6435956365591398
RAxML_distances.1.20.1300.10.dist,2.2080947090909095
RAxML_distances.1.20.1310.10.dist,2.273652203463204
RAxML_distances.1.20.1310.20.dist,1.4269156666666667
RAxML_distances.1.20.1320.30.dist,1.0727943333333332
RAxML_distances.1.20.1330.10.dist,1.2595237454545454
RAxML_distances.1.20.1340.10.dist,0.5262249999999999
RAxML_distances.1.20.1370.10.dist,1.9518246999999995
RAxML_distances.1.20.1370.20.dist,1.2199677
RAxML_distances.1.20.140.10.dist,2.770073641423789
RAxML_distances.1.20.140.150.dist,1.4554576666666668
RAxML_distances.1.20.140.160.dist,1.4563218666666664
RAxML_distances.1.20.140.20.dist,0.9636720000000001
RAxML_distances.1.20.140.30.dist,0.5956119285714286
RAxML_distances.1.20.140.90.dist,1.8986806666666665
RAxML_distances.1.20.141.10.dist,1.5838820000000002
RAxML_distances.1.20.142.10.dist,0.9973093571428571
RAxML_distances.1.20.142.20.dist,1.0991558333333333
RAxML_distances.1.20.1420.10.dist,2.1915562888888886
RAxML_distances.1.20.1420.20.dist,1.4744481666666667
RAxML_distances.1.20.1420.40.dist,0.7157888000000001
RAxML_distances.1.20.1430.10.dist,1.265102
RAxML_distances.1.20.144.10.dist,1.9865466666666667
RAxML_distances.1.20.1440.180.dist,1.4876347
RAxML_distances.1.20.1440.50.dist,1.6743293333333333
RAxML_distances.1.20.1450.10.dist,0.45368499999999995
RAxML_distances.1.20.1480.30.dist,0.6755275
RAxML_distances.1.20.150.20.dist,0.8663146666666669
RAxML_distances.1.20.1500.10.dist,1.0790307142857143
RAxML_distances.1.20.1560.10.dist,2.055626977777777
RAxML_distances.1.20.1580.10.dist,1.219771
RAxML_distances.1.20.1600.10.dist,1.5904881818181815
RAxML_distances.1.20.1640.10.dist,1.510624022222222
RAxML_distances.1.20.1690.20.dist,0.6946108333333334
RAxML_distances.1.20.1710.10.dist,0.7299442777777778
RAxML_distances.1.20.190.10.dist,1.621530909090909
RAxML_distances.1.20.190.20.dist,1.0525314795321634
RAxML_distances.1.20.20.10.dist,1.251654390476191
RAxML_distances.1.20.200.10.dist,2.977447158200289
RAxML_distances.1.20.210.10.dist,1.8166290181818183
RAxML_distances.1.20.245.10.dist,1.3849978363636364
RAxML_distances.1.20.272.10.dist,2.720559087719299
RAxML_distances.1.20.5.100.dist,2.7753860619047614
RAxML_distances.1.20.5.110.dist,3.1677540695499706
RAxML_distances.1.20.5.1160.dist,1.4244615238095237
RAxML_distances.1.20.5.1180.dist,1.0229931428571428
RAxML_distances.1.20.5.1190.dist,1.2235028
RAxML_distances.1.20.5.1300.dist,1.40166
RAxML_distances.1.20.5.1430.dist,0.7102545714285714
RAxML_distances.1.20.5.1500.dist,1.7728538333333332
RAxML_distances.1.20.5.170.dist,2.971244477442091
RAxML_distances.1.20.5.1700.dist,1.533722035714286
RAxML_distances.1.20.5.1890.dist,0.8206328333333334
RAxML_distances.1.20.5.190.dist,19.691387422222213
RAxML_distances.1.20.5.1940.dist,1.8520823333333334
RAxML_distances.1.20.5.210.dist,0.7610148
RAxML_distances.1.20.5.220.dist,4.614851626373627
RAxML_distances.1.20.5.2280.dist,0.6538754999999999
RAxML_distances.1.20.5.2440.dist,0.6944545999999999
RAxML_distances.1.20.5.250.dist,1.186334142857143
RAxML_distances.1.20.5.260.dist,0.7540394999999999
RAxML_distances.1.20.5.2650.dist,0.8055556666666668
RAxML_distances.1.20.5.270.dist,0.7571117999999999
RAxML_distances.1.20.5.300.dist,1.596034409523809
RAxML_distances.1.20.5.320.dist,1.5624128333333331
RAxML_distances.1.20.5.340.dist,2.1132110666666657
RAxML_distances.1.20.5.350.dist,1.0235997333333333
RAxML_distances.1.20.5.370.dist,0.8919648529411758
RAxML_distances.1.20.5.3790.dist,9.999999999999997e-07
RAxML_distances.1.20.5.390.dist,1.8796366190476195
RAxML_distances.1.20.5.4010.dist,0.3947606666666667
RAxML_distances.1.20.5.420.dist,2.7180130886476714
RAxML_distances.1.20.5.430.dist,2.3498087636363634
RAxML_distances.1.20.5.440.dist,4.331048054545455
RAxML_distances.1.20.5.460.dist,5.0017046153846145
RAxML_distances.1.20.5.470.dist,1.0780663999999998
RAxML_distances.1.20.5.4730.dist,1.163815933333333
RAxML_distances.1.20.5.490.dist,1.8957890357142857
RAxML_distances.1.20.5.4980.dist,0.2927178333333333
RAxML_distances.1.20.5.50.dist,1.6188089090909075
RAxML_distances.1.20.5.500.dist,0.6880081
RAxML_distances.1.20.5.510.dist,2.7960881660079027
RAxML_distances.1.20.5.5100.dist,1e-06
RAxML_distances.1.20.5.5160.dist,0.8230631666666667
RAxML_distances.1.20.5.5200.dist,0.7166557000000001
RAxML_distances.1.20.5.540.dist,1.8297686
RAxML_distances.1.20.5.620.dist,1.3949783
RAxML_distances.1.20.5.640.dist,3.342425380952381
RAxML_distances.1.20.5.700.dist,1.4318736999999997
RAxML_distances.1.20.5.710.dist,0.45074250000000005
RAxML_distances.1.20.5.730.dist,1.6391450666666665
RAxML_distances.1.20.5.740.dist,3.6154678000000002
RAxML_distances.1.20.5.780.dist,1.9668713333333334
RAxML_distances.1.20.5.810.dist,1.0458843999999998
RAxML_distances.1.20.5.880.dist,0.298655
RAxML_distances.1.20.50.20.dist,1.2960386666666668
RAxML_distances.1.20.50.40.dist,1.5464441666666666
RAxML_distances.1.20.58.100.dist,1.602079511111111
RAxML_distances.1.20.58.1000.dist,1.393711380952381
RAxML_distances.1.20.58.1020.dist,1e-06
RAxML_distances.1.20.58.1030.dist,1.240740022222222
RAxML_distances.1.20.58.110.dist,1.0577448333333332
RAxML_distances.1.20.58.1110.dist,0.3834166
RAxML_distances.1.20.58.1190.dist,1.3555552
RAxML_distances.1.20.58.120.dist,1.8760550151515147
RAxML_distances.1.20.58.1290.dist,1.1862411666666668
RAxML_distances.1.20.58.1360.dist,1.7910491
RAxML_distances.1.20.58.1480.dist,1.3226801666666665
RAxML_distances.1.20.58.150.dist,0.2067228333333333
RAxML_distances.1.20.58.160.dist,0.6379601428571429
RAxML_distances.1.20.58.1610.dist,1.3286893999999998
RAxML_distances.1.20.58.1660.dist,0.002909285714285715
RAxML_distances.1.20.58.190.dist,1.4853095
RAxML_distances.1.20.58.1910.dist,0.8505428
RAxML_distances.1.20.58.200.dist,1.315064166666667
RAxML_distances.1.20.58.2190.dist,1.2722541666666667
RAxML_distances.1.20.58.220.dist,1.6432456013071899
RAxML_distances.1.20.58.2220.dist,1.2082954000000001
RAxML_distances.1.20.58.2240.dist,1e-06
RAxML_distances.1.20.58.290.dist,2.1517453000000004
RAxML_distances.1.20.58.340.dist,2.5151794999999995
RAxML_distances.1.20.58.380.dist,1.5880968333333334
RAxML_distances.1.20.58.390.dist,1.7792717826086968
RAxML_distances.1.20.58.400.dist,1.2415101666666668
RAxML_distances.1.20.58.480.dist,1.8165103214285716
RAxML_distances.1.20.58.530.dist,1.0098612500000002
RAxML_distances.1.20.58.60.dist,2.2300641711229954
RAxML_distances.1.20.58.70.dist,1.5153236222222224
RAxML_distances.1.20.58.740.dist,1.2939655
RAxML_distances.1.20.58.80.dist,2.5136169545454554
RAxML_distances.1.20.58.800.dist,1.5855143333333332
RAxML_distances.1.20.58.830.dist,1.7114745999999996
RAxML_distances.1.20.58.90.dist,2.4711461563218404
RAxML_distances.1.20.58.900.dist,0.7591621428571429
RAxML_distances.1.20.59.10.dist,2.053772562091502
RAxML_distances.1.20.80.10.dist,2.3426023295454557
RAxML_distances.1.20.80.30.dist,0.7946588333333334
RAxML_distances.1.20.81.30.dist,1.3367908333333334
RAxML_distances.1.20.810.10.dist,0.9985216388888891
RAxML_distances.1.20.82.10.dist,1.1802967619047617
RAxML_distances.1.20.840.10.dist,1.7676009230769238
RAxML_distances.1.20.85.10.dist,1.8705663076923078
RAxML_distances.1.20.870.10.dist,1.5684910666666667
RAxML_distances.1.20.89.10.dist,0.7104378333333333
RAxML_distances.1.20.890.10.dist,1.7252526190476192
RAxML_distances.1.20.890.20.dist,1.5183325000000003
RAxML_distances.1.20.90.10.dist,1.5351271798413193
RAxML_distances.1.20.900.10.dist,1.9898957509881423
RAxML_distances.1.20.91.20.dist,1.0311536944444446
RAxML_distances.1.20.910.10.dist,2.8529766382575765
RAxML_distances.1.20.920.10.dist,1.9788284537118754
RAxML_distances.1.20.920.20.dist,0.9751624999999999
RAxML_distances.1.20.930.10.dist,1.6785274666666667
RAxML_distances.1.20.930.20.dist,1.6270571666666669
RAxML_distances.1.20.960.20.dist,2.2331477714285715
RAxML_distances.1.20.970.10.dist,1.9628131286549686
RAxML_distances.1.20.990.10.dist,1.7660346428571427
RAxML_distances.1.25.10.10.dist,2.7051027249032256
RAxML_distances.1.25.40.10.dist,3.526699120402021
RAxML_distances.1.25.40.1040.dist,1.5738293333333333
RAxML_distances.1.25.40.120.dist,1.4257064285714287
RAxML_distances.1.25.40.180.dist,3.195524778494626
RAxML_distances.1.25.40.20.dist,1.6095817886006332
RAxML_distances.1.25.40.240.dist,1.3854758333333332
RAxML_distances.1.25.40.280.dist,1.6974
RAxML_distances.1.25.40.320.dist,1.4417605
RAxML_distances.1.25.40.390.dist,2.6144578016806737
RAxML_distances.1.25.40.420.dist,1.8382571333333333
RAxML_distances.1.25.40.430.dist,0.979377
RAxML_distances.1.25.40.60.dist,1.3788203999999997
RAxML_distances.1.25.40.70.dist,1.4331086363636367
RAxML_distances.1.25.40.80.dist,2.1838811695906437
RAxML_distances.1.25.40.880.dist,0.7256068333333333
RAxML_distances.1.25.40.90.dist,2.636292827651514
RAxML_distances.1.25.40.900.dist,1.367783
RAxML_distances.1.25.50.10.dist,1.4392166666666668
RAxML_distances.1.25.50.20.dist,1.5727777619047618
RAxML_distances.1.50.10.10.dist,3.265844657972999
RAxML_distances.1.50.10.100.dist,2.647692040935673
RAxML_distances.1.50.10.130.dist,1.2692057238095236
RAxML_distances.1.50.10.140.dist,0.5142836666666666
RAxML_distances.1.50.10.160.dist,0.8420926666666665
RAxML_distances.1.50.10.20.dist,2.9140418731060627
RAxML_distances.1.50.40.10.dist,0.9472833333333334
RAxML_distances.2.10.10.10.dist,1.0124303523809524
RAxML_distances.2.10.10.20.dist,1.5527161904761904
RAxML_distances.2.10.10.70.dist,0.41626416666666666
RAxML_distances.2.10.109.10.dist,2.109106196969697
RAxML_distances.2.10.110.10.dist,2.891962306715067
RAxML_distances.2.10.150.10.dist,0.9830139999999998
RAxML_distances.2.10.210.10.dist,0.07727240860215083
RAxML_distances.2.10.22.10.dist,1.2705472
RAxML_distances.2.10.220.10.dist,1.8086807677419343
RAxML_distances.2.10.25.10.dist,4.283847197646638
RAxML_distances.2.10.25.20.dist,1.373028733333333
RAxML_distances.2.10.260.10.dist,1.7803599444444442
RAxML_distances.2.10.270.10.dist,1.5161471307189551
RAxML_distances.2.10.50.10.dist,2.298646797040167
RAxML_distances.2.10.60.10.dist,2.7021315454545456
RAxML_distances.2.10.69.10.dist,1.6155385333333327
RAxML_distances.2.10.70.10.dist,3.3488756581001424
RAxML_distances.2.10.70.70.dist,0.8097198000000001
RAxML_distances.2.10.77.10.dist,1.011322751836734
RAxML_distances.2.10.80.10.dist,1.7999417333333336
RAxML_distances.2.10.90.10.dist,2.573831381125223
RAxML_distances.2.100.10.10.dist,2.0064916785714284
RAxML_distances.2.100.10.30.dist,1.761382542528736
RAxML_distances.2.102.10.10.dist,2.601564262719708
RAxML_distances.2.102.20.10.dist,0.5283795
RAxML_distances.2.110.10.10.dist,2.0001326969696973
RAxML_distances.2.115.10.20.dist,2.7462796135972423
RAxML_distances.2.120.10.10.dist,2.9640938025974015
RAxML_distances.2.120.10.30.dist,2.823202643589745
RAxML_distances.2.120.10.70.dist,0.9944348333333334
RAxML_distances.2.120.10.80.dist,1.8023519696969699
RAxML_distances.2.120.10.90.dist,1.3649801904761902
RAxML_distances.2.130.10.10.dist,2.978257413261575
RAxML_distances.2.130.10.120.dist,1.8461312857142858
RAxML_distances.2.130.10.130.dist,1.4079768
RAxML_distances.2.130.10.30.dist,1.6923788055555555
RAxML_distances.2.140.10.10.dist,1.2410749780219776
RAxML_distances.2.140.10.30.dist,1.6407112499999998
RAxML_distances.2.150.10.10.dist,1.9673681978021975
RAxML_distances.2.160.10.10.dist,2.317304066803937
RAxML_distances.2.160.20.10.dist,2.8190752857977808
RAxML_distances.2.160.20.120.dist,1.2566164
RAxML_distances.2.160.20.20.dist,2.10729756060606
RAxML_distances.2.160.20.70.dist,2.2449937142857146
RAxML_distances.2.160.20.80.dist,2.114618964912281
RAxML_distances.2.170.11.10.dist,0.5844735
RAxML_distances.2.170.120.12.dist,1.8784777472527465
RAxML_distances.2.170.120.30.dist,1.8293368333333335
RAxML_distances.2.170.130.10.dist,1.7665862941176464
RAxML_distances.2.170.130.30.dist,1.4421000000000002
RAxML_distances.2.170.15.10.dist,1.9212433333333336
RAxML_distances.2.170.15.20.dist,1.3079177
RAxML_distances.2.170.150.10.dist,1.5936224642857137
RAxML_distances.2.170.150.20.dist,2.55607420879121
RAxML_distances.2.170.150.30.dist,1.2032768999999999
RAxML_distances.2.170.16.10.dist,2.085886652173914
RAxML_distances.2.170.160.10.dist,0.6971494285714286
RAxML_distances.2.170.190.11.dist,1.2807217999999998
RAxML_distances.2.170.200.10.dist,1.3051714
RAxML_distances.2.170.210.10.dist,0.44329563888888845
RAxML_distances.2.170.210.20.dist,1.5343446666666662
RAxML_distances.2.170.220.10.dist,0.9379536363636363
RAxML_distances.2.170.260.10.dist,1.5935442272727267
RAxML_distances.2.170.270.10.dist,2.3978774292682945
RAxML_distances.2.170.30.10.dist,1.944127610294117
RAxML_distances.2.170.300.10.dist,1.7031243333333332
RAxML_distances.2.170.40.20.dist,0.5950288861538464
RAxML_distances.2.170.8.10.dist,2.261137545454545
RAxML_distances.2.170.9.10.dist,0.6172620000000001
RAxML_distances.2.20.100.10.dist,1.837407238095238
RAxML_distances.2.20.110.10.dist,0.018155833333333333
RAxML_distances.2.20.130.20.dist,1.1170872380952386
RAxML_distances.2.20.150.10.dist,2.535949
RAxML_distances.2.20.20.10.dist,2.129649406593407
RAxML_distances.2.20.200.10.dist,1.370745133333333
RAxML_distances.2.20.230.10.dist,1.5008184666666666
RAxML_distances.2.20.25.10.dist,5.478314764670299
RAxML_distances.2.20.25.100.dist,1.4075110555555552
RAxML_distances.2.20.25.20.dist,1.185450238095238
RAxML_distances.2.20.25.30.dist,1.4443006111111112
RAxML_distances.2.20.25.500.dist,1.0000000000000002e-06
RAxML_distances.2.20.25.680.dist,0.8580468333333333
RAxML_distances.2.20.25.90.dist,3.7406664999999997
RAxML_distances.2.20.28.10.dist,1.6203647272727264
RAxML_distances.2.20.28.120.dist,1.2434413333333323
RAxML_distances.2.20.28.230.dist,1.7300316666666669
RAxML_distances.2.20.28.30.dist,1.5511997333333334
RAxML_distances.2.20.28.40.dist,0.4596058333333333
RAxML_distances.2.20.28.50.dist,1.9880933333333335
RAxML_distances.2.20.28.60.dist,1.0370714666666667
RAxML_distances.2.20.70.10.dist,1.8243143714285721
RAxML_distances.2.20.70.30.dist,1.1851608999999996
RAxML_distances.2.30.110.10.dist,3.516685819775601
RAxML_distances.2.30.110.20.dist,1.6901491636363644
RAxML_distances.2.30.120.10.dist,1.6775026111111113
RAxML_distances.2.30.130.10.dist,2.4088911778656112
RAxML_distances.2.30.130.30.dist,2.0632774285714284
RAxML_distances.2.30.130.40.dist,1.6490516
RAxML_distances.2.30.140.10.dist,1.3257887309941525
RAxML_distances.2.30.170.20.dist,1.288036523809524
RAxML_distances.2.30.170.40.dist,1.3048226
RAxML_distances.2.30.18.10.dist,1.3896399
RAxML_distances.2.30.180.10.dist,1.7634100666666666
RAxML_distances.2.30.250.10.dist,1.8850254722222222
RAxML_distances.2.30.26.10.dist,0.3311766
RAxML_distances.2.30.27.10.dist,0.7722783333333333
RAxML_distances.2.30.280.10.dist,0.6343712666666668
RAxML_distances.2.30.29.100.dist,0.9576223333333332
RAxML_distances.2.30.29.150.dist,1.4146605333333333
RAxML_distances.2.30.29.30.dist,3.4921529552109662
RAxML_distances.2.30.29.50.dist,0.41578199999999976
RAxML_distances.2.30.30.10.dist,1.4858767333333334
RAxML_distances.2.30.30.100.dist,2.8821160900901
RAxML_distances.2.30.30.1020.dist,1.2329576666666666
RAxML_distances.2.30.30.110.dist,2.1015897999999993
RAxML_distances.2.30.30.1130.dist,1e-06
RAxML_distances.2.30.30.1230.dist,1.0076853333333335
RAxML_distances.2.30.30.140.dist,2.932794709719735
RAxML_distances.2.30.30.170.dist,1.9127892000000002
RAxML_distances.2.30.30.190.dist,1.1574994523809512
RAxML_distances.2.30.30.20.dist,1.6146213333333332
RAxML_distances.2.30.30.210.dist,1.3109033333333333
RAxML_distances.2.30.30.220.dist,1.2367521333333336
RAxML_distances.2.30.30.240.dist,1.9838864666666665
RAxML_distances.2.30.30.30.dist,2.9720463855130697
RAxML_distances.2.30.30.360.dist,1.3655555
RAxML_distances.2.30.30.370.dist,1.2085057999999997
RAxML_distances.2.30.30.380.dist,2.1808698455882345
RAxML_distances.2.30.30.40.dist,1.98753805737994
RAxML_distances.2.30.30.490.dist,2.290145036363636
RAxML_distances.2.30.30.50.dist,1.7951105614035086
RAxML_distances.2.30.30.550.dist,1.23500025
RAxML_distances.2.30.30.670.dist,1.7499431666666665
RAxML_distances.2.30.30.70.dist,1.2904440999999998
RAxML_distances.2.30.30.770.dist,0.8008361666666666
RAxML_distances.2.30.30.830.dist,1.9283058333333332
RAxML_distances.2.30.30.870.dist,1.5474168
RAxML_distances.2.30.30.90.dist,2.156429674999999
RAxML_distances.2.30.31.10.dist,1.7488553333333334
RAxML_distances.2.30.33.40.dist,1.5006871333333336
RAxML_distances.2.30.330.10.dist,1.687934333333333
RAxML_distances.2.30.36.70.dist,0.36724385454545494
RAxML_distances.2.30.38.10.dist,1.5048545818181827
RAxML_distances.2.30.39.10.dist,1.99820426582747
RAxML_distances.2.30.40.10.dist,2.2727735793435775
RAxML_distances.2.30.42.10.dist,2.1189133089591667
RAxML_distances.2.30.60.10.dist,1.4595118000000007
RAxML_distances.2.40.10.10.dist,3.78954762085078
RAxML_distances.2.40.10.120.dist,3.216630704099823
RAxML_distances.2.40.10.170.dist,2.65406222826087
RAxML_distances.2.40.10.190.dist,1.3228628000000002
RAxML_distances.2.40.10.220.dist,2.531490377777778
RAxML_distances.2.40.10.230.dist,1.6152053333333332
RAxML_distances.2.40.10.250.dist,0.8806131
RAxML_distances.2.40.10.330.dist,1.4481206666666668
RAxML_distances.2.40.100.10.dist,2.0913637398601352
RAxML_distances.2.40.100.20.dist,1.5283711666666668
RAxML_distances.2.40.110.10.dist,1.889337597612961
RAxML_distances.2.40.128.10.dist,1.5185909999999998
RAxML_distances.2.40.128.110.dist,1.694723142857143
RAxML_distances.2.40.128.130.dist,1.9611079999999996
RAxML_distances.2.40.128.150.dist,1.8440786428571434
RAxML_distances.2.40.128.160.dist,0.0862412142857143
RAxML_distances.2.40.128.190.dist,0.06138402777777785
RAxML_distances.2.40.128.20.dist,2.94960821422429
RAxML_distances.2.40.128.200.dist,1.543985583333332
RAxML_distances.2.40.128.240.dist,0.7353646071428573
RAxML_distances.2.40.128.250.dist,1.7333428888888889
RAxML_distances.2.40.128.270.dist,2.088154
RAxML_distances.2.40.128.30.dist,1.3004399737903223
RAxML_distances.2.40.128.450.dist,0.6342678666666667
RAxML_distances.2.40.128.540.dist,0.9287221666666666
RAxML_distances.2.40.128.620.dist,1.2649981333333333
RAxML_distances.2.40.128.720.dist,1.1309923333333334
RAxML_distances.2.40.150.20.dist,1.2306182083333328
RAxML_distances.2.40.155.10.dist,1.5509322619234651
RAxML_distances.2.40.160.10.dist,2.569150329849013
RAxML_distances.2.40.160.20.dist,2.3346550571428573
RAxML_distances.2.40.160.210.dist,1.9740161904761906
RAxML_distances.2.40.160.30.dist,0.6044006666666667
RAxML_distances.2.40.160.50.dist,1.5649657333333336
RAxML_distances.2.40.160.60.dist,1.4521333333333333
RAxML_distances.2.40.160.90.dist,1.6207854400000004
RAxML_distances.2.40.170.20.dist,2.3724618333333334
RAxML_distances.2.40.180.10.dist,1.3742477166666676
RAxML_distances.2.40.20.10.dist,1.5832732197580632
RAxML_distances.2.40.220.10.dist,0.9907399333333333
RAxML_distances.2.40.240.10.dist,2.412885016666666
RAxML_distances.2.40.240.130.dist,1.0688620666666668
RAxML_distances.2.40.240.20.dist,2.6034588300653585
RAxML_distances.2.40.240.50.dist,1.1906824000000003
RAxML_distances.2.40.260.10.dist,2.0309359259259265
RAxML_distances.2.40.270.10.dist,1.0888372222222225
RAxML_distances.2.40.30.10.dist,3.290202620028335
RAxML_distances.2.40.30.110.dist,1.6813407777777778
RAxML_distances.2.40.30.120.dist,1.6428048505747115
RAxML_distances.2.40.30.130.dist,0.8791925999999997
RAxML_distances.2.40.30.140.dist,0.5574017777777777
RAxML_distances.2.40.30.170.dist,1.7852083181818186
RAxML_distances.2.40.30.180.dist,0.6748168333333333
RAxML_distances.2.40.30.20.dist,2.426891267195769
RAxML_distances.2.40.30.260.dist,0.5611998333333332
RAxML_distances.2.40.30.30.dist,2.06869675
RAxML_distances.2.40.30.40.dist,1.753847043956044
RAxML_distances.2.40.30.60.dist,1.262187
RAxML_distances.2.40.30.90.dist,1.7021577142857143
RAxML_distances.2.40.300.10.dist,0.9545813333333334
RAxML_distances.2.40.320.10.dist,2.628453615384615
RAxML_distances.2.40.33.10.dist,1.4385730190476187
RAxML_distances.2.40.330.10.dist,1.988607448717949
RAxML_distances.2.40.340.10.dist,1.8382325333333334
RAxML_distances.2.40.37.10.dist,3.1152530935064906
RAxML_distances.2.40.37.20.dist,1.6868874000000003
RAxML_distances.2.40.40.10.dist,2.5961037681159405
RAxML_distances.2.40.40.20.dist,2.9909392980972487
RAxML_distances.2.40.400.10.dist,1.5697949333333332
RAxML_distances.2.40.420.20.dist,1.5517903333333332
RAxML_distances.2.40.440.10.dist,1.65561825
RAxML_distances.2.40.460.10.dist,0.7040653333333333
RAxML_distances.2.40.480.10.dist,0.48918733333333336
RAxML_distances.2.40.490.10.dist,1.7684463333333333
RAxML_distances.2.40.50.100.dist,3.524059642828276
RAxML_distances.2.40.50.1000.dist,0.7081003888888888
RAxML_distances.2.40.50.110.dist,3.1820015381642537
RAxML_distances.2.40.50.120.dist,2.017386923076923
RAxML_distances.2.40.50.140.dist,4.366599490471898
RAxML_distances.2.40.50.150.dist,1.3505827777777777
RAxML_distances.2.40.50.220.dist,1.4482043928571429
RAxML_distances.2.40.50.230.dist,1.976777
RAxML_distances.2.40.50.40.dist,3.6242924559220406
RAxML_distances.2.40.50.420.dist,1e-06
RAxML_distances.2.40.50.500.dist,2.533782
RAxML_distances.2.40.50.730.dist,1.2070045
RAxML_distances.2.40.50.740.dist,1.1018433636363631
RAxML_distances.2.40.50.90.dist,2.0431803157894737
RAxML_distances.2.40.510.10.dist,1.0016556126482214
RAxML_distances.2.40.70.10.dist,2.2224802495349723
RAxML_distances.2.50.20.10.dist,2.481661333333334
RAxML_distances.2.60.110.10.dist,1.0220003736263736
RAxML_distances.2.60.120.10.dist,3.494074639853966
RAxML_distances.2.60.120.1060.dist,1.2390915
RAxML_distances.2.60.120.1540.dist,1.5530426666666668
RAxML_distances.2.60.120.1560.dist,1.4746325714285717
RAxML_distances.2.60.120.170.dist,1.9099093333333332
RAxML_distances.2.60.120.180.dist,1.8952313632850226
RAxML_distances.2.60.120.20.dist,3.3877075544999586
RAxML_distances.2.60.120.200.dist,3.2992646196875994
RAxML_distances.2.60.120.220.dist,1.2794493333333332
RAxML_distances.2.60.120.230.dist,1.6899200666666665
RAxML_distances.2.60.120.260.dist,3.5578612673638967
RAxML_distances.2.60.120.290.dist,1.898531012987012
RAxML_distances.2.60.120.330.dist,2.3300756263736266
RAxML_distances.2.60.120.340.dist,1.1600726071428569
RAxML_distances.2.60.120.380.dist,2.4299886838235283
RAxML_distances.2.60.120.40.dist,2.6399325356151677
RAxML_distances.2.60.120.400.dist,0.6813923809523809
RAxML_distances.2.60.120.430.dist,2.4097773205128212
RAxML_distances.2.60.120.460.dist,1.2294455833333335
RAxML_distances.2.60.120.560.dist,2.491918273399016
RAxML_distances.2.60.120.570.dist,1.0775742000000001
RAxML_distances.2.60.120.590.dist,2.398962476190476
RAxML_distances.2.60.120.620.dist,2.788907778409091
RAxML_distances.2.60.120.650.dist,2.704036131034483
RAxML_distances.2.60.120.680.dist,0.8684261666666666
RAxML_distances.2.60.120.740.dist,0.8954611666666666
RAxML_distances.2.60.120.890.dist,0.8599875
RAxML_distances.2.60.120.920.dist,2.4186876304347824
RAxML_distances.2.60.130.10.dist,1.80771119117647
RAxML_distances.2.60.15.10.dist,1.2695707999999999
RAxML_distances.2.60.175.10.dist,1.153180257142857
RAxML_distances.2.60.175.20.dist,0.38968967857142855
RAxML_distances.2.60.20.10.dist,1.8519700614954577
RAxML_distances.2.60.20.30.dist,2.525221333333333
RAxML_distances.2.60.200.10.dist,1.966466436363637
RAxML_distances.2.60.200.20.dist,2.6912675768115952
RAxML_distances.2.60.200.30.dist,1.5527394285714284
RAxML_distances.2.60.200.40.dist,1.6717399999999998
RAxML_distances.2.60.210.10.dist,2.1498106703296713
RAxML_distances.2.60.220.10.dist,2.4149380222222234
RAxML_distances.2.60.220.30.dist,1.6428646
RAxML_distances.2.60.240.10.dist,0.9128741666666667
RAxML_distances.2.60.260.20.dist,2.3624237941176482
RAxML_distances.2.60.260.40.dist,1.7106128333333335
RAxML_distances.2.60.270.20.dist,1.4357334642857145
RAxML_distances.2.60.270.50.dist,1.2899806666666667
RAxML_distances.2.60.290.11.dist,0.6442732
RAxML_distances.2.60.30.10.dist,0.632835
RAxML_distances.2.60.300.12.dist,2.1320763571428576
RAxML_distances.2.60.320.10.dist,1.4275246666666668
RAxML_distances.2.60.34.10.dist,0.9924614210526318
RAxML_distances.2.60.340.10.dist,1.0000000000000002e-06
RAxML_distances.2.60.390.10.dist,0.7070036666666667
RAxML_distances.2.60.40.1080.dist,1.9724751071428572
RAxML_distances.2.60.40.1090.dist,2.205813571428572
RAxML_distances.2.60.40.1110.dist,2.2035396444444446
RAxML_distances.2.60.40.1120.dist,2.3123899333333338
RAxML_distances.2.60.40.1130.dist,1.4787357619047614
RAxML_distances.2.60.40.1140.dist,1.5990828611111114
RAxML_distances.2.60.40.1170.dist,1.8158033555555553
RAxML_distances.2.60.40.1180.dist,4.3075197494043165
RAxML_distances.2.60.40.1190.dist,1.837798
RAxML_distances.2.60.40.1220.dist,2.5294005238095236
RAxML_distances.2.60.40.1230.dist,1.656909285714286
RAxML_distances.2.60.40.1240.dist,2.2115078
RAxML_distances.2.60.40.1250.dist,0.6589613333333333
RAxML_distances.2.60.40.1260.dist,0.4947798571428571
RAxML_distances.2.60.40.1280.dist,1.9442169333333335
RAxML_distances.2.60.40.1290.dist,2.2639009428571435
RAxML_distances.2.60.40.1320.dist,1.5787178000000002
RAxML_distances.2.60.40.1400.dist,1.0385954444444443
RAxML_distances.2.60.40.1430.dist,0.8603296666666667
RAxML_distances.2.60.40.1460.dist,1.9807032
RAxML_distances.2.60.40.1470.dist,1.3937668999999997
RAxML_distances.2.60.40.1490.dist,0.7491872857142857
RAxML_distances.2.60.40.150.dist,2.5533395148459395
RAxML_distances.2.60.40.1500.dist,1.6975553333333335
RAxML_distances.2.60.40.1510.dist,1.9393790659340666
RAxML_distances.2.60.40.1520.dist,1.4922954444444445
RAxML_distances.2.60.40.1530.dist,1.4116589
RAxML_distances.2.60.40.1570.dist,1.8073467555555554
RAxML_distances.2.60.40.1580.dist,0.6703503999999999
RAxML_distances.2.60.40.1660.dist,0.2794298333333333
RAxML_distances.2.60.40.1670.dist,1.3718360476190476
RAxML_distances.2.60.40.1700.dist,1.3539919999999999
RAxML_distances.2.60.40.1730.dist,2.2259625955882334
RAxML_distances.2.60.40.1740.dist,1.8772607999999997
RAxML_distances.2.60.40.1760.dist,2.1566123717948713
RAxML_distances.2.60.40.180.dist,1.428340064102564
RAxML_distances.2.60.40.1840.dist,1.0221532
RAxML_distances.2.60.40.1850.dist,1.9173658888888883
RAxML_distances.2.60.40.1860.dist,1.4262515
RAxML_distances.2.60.40.1910.dist,1.4955879285714282
RAxML_distances.2.60.40.1930.dist,2.7133234970760234
RAxML_distances.2.60.40.1940.dist,1.3150131333333333
RAxML_distances.2.60.40.1970.dist,1.3937696666666664
RAxML_distances.2.60.40.1980.dist,0.2780025
RAxML_distances.2.60.40.200.dist,1.6735971966966978
RAxML_distances.2.60.40.2020.dist,1.8966691999999998
RAxML_distances.2.60.40.2030.dist,1.2046468214285717
RAxML_distances.2.60.40.2040.dist,0.8610056666666668
RAxML_distances.2.60.40.2060.dist,1.4908622999999999
RAxML_distances.2.60.40.2080.dist,1.6378689000000002
RAxML_distances.2.60.40.230.dist,0.8620954642857142
RAxML_distances.2.60.40.2340.dist,1.2172458333333331
RAxML_distances.2.60.40.2370.dist,1.7023308
RAxML_distances.2.60.40.2440.dist,1.2760850000000001
RAxML_distances.2.60.40.2580.dist,1.8419009047619046
RAxML_distances.2.60.40.2620.dist,1.7868113
RAxML_distances.2.60.40.2630.dist,2.0378903333333334
RAxML_distances.2.60.40.2840.dist,1.2781432
RAxML_distances.2.60.40.290.dist,1.5375855555555558
RAxML_distances.2.60.40.3050.dist,1.1933949
RAxML_distances.2.60.40.3120.dist,1.0345816666666667
RAxML_distances.2.60.40.340.dist,1.6623531636363635
RAxML_distances.2.60.40.350.dist,1.285487077651515
RAxML_distances.2.60.40.3690.dist,1.7380715000000002
RAxML_distances.2.60.40.3710.dist,1.10375325
RAxML_distances.2.60.40.420.dist,3.2306154505715177
RAxML_distances.2.60.40.4300.dist,1.5143681999999998
RAxML_distances.2.60.40.50.dist,0.2618436666666667
RAxML_distances.2.60.40.550.dist,0.2117672
RAxML_distances.2.60.40.60.dist,2.3784959075748824
RAxML_distances.2.60.40.640.dist,2.542269833333332
RAxML_distances.2.60.40.650.dist,1.5594092000000002
RAxML_distances.2.60.40.680.dist,2.136251262365592
RAxML_distances.2.60.40.690.dist,1.4871486888888892
RAxML_distances.2.60.40.710.dist,1.67848595
RAxML_distances.2.60.40.720.dist,1.1502225833333333
RAxML_distances.2.60.40.730.dist,1.275488222222222
RAxML_distances.2.60.40.740.dist,2.4364476399999995
RAxML_distances.2.60.40.760.dist,1.5081761904761906
RAxML_distances.2.60.40.770.dist,2.2327210363636363
RAxML_distances.2.60.40.790.dist,2.3594285531914885
RAxML_distances.2.60.40.820.dist,0.8753652380952384
RAxML_distances.2.60.40.830.dist,0.43039286666666676
RAxML_distances.2.60.40.840.dist,0.47821566666666665
RAxML_distances.2.60.410.10.dist,1.5260122999999997
RAxML_distances.2.60.420.10.dist,1.9182630555555558
RAxML_distances.2.60.480.10.dist,1.0000000000000004e-06
RAxML_distances.2.60.490.10.dist,1.0515159
RAxML_distances.2.60.60.20.dist,2.341842966666668
RAxML_distances.2.60.60.30.dist,1.4076026666666666
RAxML_distances.2.60.90.10.dist,1.5197351617647055
RAxML_distances.2.60.98.10.dist,1.4919459714285714
RAxML_distances.2.70.10.10.dist,0.7851499
RAxML_distances.2.70.100.10.dist,0.8419692285714281
RAxML_distances.2.70.130.10.dist,1.9685445583333332
RAxML_distances.2.70.150.10.dist,1.2906629487179484
RAxML_distances.2.70.160.11.dist,2.142516694736842
RAxML_distances.2.70.170.10.dist,2.153551578817735
RAxML_distances.2.70.20.10.dist,1.7751205000000003
RAxML_distances.2.70.20.20.dist,0.6404821666666667
RAxML_distances.2.70.230.10.dist,0.059435499999999995
RAxML_distances.2.70.240.10.dist,1.7221243717948722
RAxML_distances.2.70.40.10.dist,2.0391304738675924
RAxML_distances.2.70.50.30.dist,0.167951380952381
RAxML_distances.2.70.50.50.dist,1.6053382857142855
RAxML_distances.2.70.50.70.dist,1.6990722720588252
RAxML_distances.2.70.50.80.dist,0.30989799999999995
RAxML_distances.2.70.70.10.dist,2.2336078128654977
RAxML_distances.2.70.98.10.dist,3.2886537537746805
RAxML_distances.2.70.98.20.dist,1.775269977777778
RAxML_distances.2.70.98.30.dist,1.7983625
RAxML_distances.2.70.98.40.dist,1.84670519047619
RAxML_distances.2.70.98.50.dist,1.5428144999999998
RAxML_distances.2.70.98.60.dist,1.20186
RAxML_distances.2.70.98.70.dist,1.822192933333333
RAxML_distances.2.80.10.50.dist,3.2482513474354966
RAxML_distances.2.90.10.10.dist,1.5199848253968267
RAxML_distances.2.90.20.10.dist,0.5374725
RAxML_distances.3.30.1380.10.dist,2.2668573986928093
RAxML_distances.3.30.1380.20.dist,1.9663576060606058
RAxML_distances.3.30.1390.10.dist,1.747425904761905
RAxML_distances.3.30.1390.20.dist,1.3804567142857143
RAxML_distances.3.30.1420.10.dist,1.0056199333333333
RAxML_distances.3.30.1430.10.dist,1.0619859999999999
RAxML_distances.3.30.1440.10.dist,2.0847473157894743
RAxML_distances.3.30.1450.10.dist,1.956365238095238
RAxML_distances.3.30.1460.10.dist,2.9918580994152055
RAxML_distances.3.30.1460.20.dist,2.0784525333333335
RAxML_distances.3.30.1470.10.dist,0.3886003
RAxML_distances.3.30.1480.10.dist,1.1305542999999998
RAxML_distances.3.30.1490.10.dist,1.6365296323529412
RAxML_distances.3.30.1490.100.dist,2.222171844444445
RAxML_distances.3.30.1490.120.dist,1.6497974666666664
RAxML_distances.3.30.1490.180.dist,1.0813832
RAxML_distances.3.30.1490.190.dist,1.7252496666666663
RAxML_distances.3.30.1490.20.dist,2.712879844286951
RAxML_distances.3.30.1490.70.dist,2.5252182222222213
RAxML_distances.3.30.1490.80.dist,1.5785274999999999
RAxML_distances.3.30.1500.10.dist,0.7543879
RAxML_distances.3.10.10.10.dist,0.4765638974358974
RAxML_distances.3.10.100.10.dist,2.5208496112044876
RAxML_distances.3.10.105.10.dist,2.1422054197120723
RAxML_distances.3.10.110.10.dist,1.9634373298909877
RAxML_distances.3.10.120.10.dist,1.4902106190476196
RAxML_distances.3.10.129.10.dist,3.4811175398600165
RAxML_distances.3.10.129.110.dist,2.169397380952381
RAxML_distances.3.10.129.130.dist,1.6262443333333332
RAxML_distances.3.10.130.10.dist,1.743938545121951
RAxML_distances.3.10.150.10.dist,2.442420256756756
RAxML_distances.3.10.170.10.dist,1.4563916428571433
RAxML_distances.3.10.180.10.dist,2.6674014406854702
RAxML_distances.3.10.20.10.dist,1.5055631051123117
RAxML_distances.3.10.20.120.dist,2.026147043560606
RAxML_distances.3.10.20.230.dist,1.0000894666666669
RAxML_distances.3.10.20.30.dist,3.0014329413291723
RAxML_distances.3.10.20.310.dist,2.358918814814815
RAxML_distances.3.10.20.320.dist,1.9807058333333334
RAxML_distances.3.10.20.70.dist,2.15047267948718
RAxML_distances.3.10.20.90.dist,3.504327741246422
RAxML_distances.3.10.200.10.dist,1.673341919047621
RAxML_distances.3.10.25.10.dist,1.5945312000000005
RAxML_distances.3.10.250.10.dist,2.1187807555555542
RAxML_distances.3.10.270.10.dist,2.003410535714286
RAxML_distances.3.10.28.10.dist,2.392244078431371
RAxML_distances.3.10.280.10.dist,1.4574088333333333
RAxML_distances.3.10.290.10.dist,2.429124209195403
RAxML_distances.3.10.290.20.dist,1.2574663999999998
RAxML_distances.3.10.310.10.dist,3.1792896366120185
RAxML_distances.3.10.310.20.dist,1.0567181904761904
RAxML_distances.3.10.310.30.dist,1.9318243333333338
RAxML_distances.3.10.310.50.dist,2.0185184000000005
RAxML_distances.3.10.320.10.dist,2.90535115082956
RAxML_distances.3.10.330.10.dist,2.208002345454546
RAxML_distances.3.10.330.20.dist,1.9399334285714287
RAxML_distances.3.10.350.10.dist,1.7372130000000003
RAxML_distances.3.10.360.10.dist,2.0207884
RAxML_distances.3.10.390.10.dist,1.8283041
RAxML_distances.3.10.400.10.dist,1.9990565636363635
RAxML_distances.3.10.410.10.dist,0.9298981666666665
RAxML_distances.3.10.420.10.dist,1.1188456
RAxML_distances.3.10.440.10.dist,0.9048893333333333
RAxML_distances.3.10.450.10.dist,2.087359955555553
RAxML_distances.3.10.450.230.dist,1.605669535714286
RAxML_distances.3.10.450.30.dist,2.0998961111111125
RAxML_distances.3.10.450.350.dist,2.1186267
RAxML_distances.3.10.450.360.dist,1.5245494
RAxML_distances.3.10.450.40.dist,3.660730096059114
RAxML_distances.3.10.450.460.dist,1.4523351666666668
RAxML_distances.3.10.450.50.dist,3.1196998438467443
RAxML_distances.3.10.450.60.dist,1.5335794909090907
RAxML_distances.3.10.450.70.dist,1.0849134
RAxML_distances.3.10.450.80.dist,1.0741009
RAxML_distances.3.10.490.10.dist,2.435936018181818
RAxML_distances.3.10.50.10.dist,2.0543118333333332
RAxML_distances.3.10.50.30.dist,1.9859114285714283
RAxML_distances.3.10.50.40.dist,2.3327060550632948
RAxML_distances.3.10.520.10.dist,1.7414852380952386
RAxML_distances.3.10.560.10.dist,0.48752643636363646
RAxML_distances.3.10.580.10.dist,2.37420335692541
RAxML_distances.3.10.590.10.dist,2.122209491666667
RAxML_distances.3.10.600.10.dist,0.9321692666666672
RAxML_distances.3.30.1330.60.dist,2.034642881773397
RAxML_distances.3.30.1330.80.dist,2.4142516909090914
RAxML_distances.3.30.1340.10.dist,0.9231164615384616
RAxML_distances.3.30.1350.10.dist,0.8422881060606057
RAxML_distances.3.30.1360.10.dist,1.828251769230769
RAxML_distances.3.30.1360.120.dist,2.1336702875817
RAxML_distances.3.30.1360.170.dist,1.4313004
RAxML_distances.3.30.1360.180.dist,1.6155976666666667
RAxML_distances.3.30.1360.20.dist,1.5109506071428573
RAxML_distances.3.30.1360.210.dist,0.8727031666666667
RAxML_distances.3.30.1360.30.dist,1.699076111111111
RAxML_distances.3.30.1360.40.dist,2.695112426108374
RAxML_distances.3.30.1360.70.dist,1.7195896666666666
RAxML_distances.3.30.1360.80.dist,1.1271071333333333
RAxML_distances.3.30.1370.10.dist,2.3889560292226735
RAxML_distances.3.30.1370.110.dist,1.4593945
RAxML_distances.3.30.1370.120.dist,1.6709222307692313
RAxML_distances.3.30.1370.250.dist,1.0000000000000002e-06
RAxML_distances.3.30.1370.30.dist,1.4062111428571424
RAxML_distances.3.30.1370.50.dist,1.5075538095238097
RAxML_distances.3.30.1370.60.dist,1.1941978627450975
RAxML_distances.3.30.1370.70.dist,1.3942695
RAxML_distances.3.10.620.30.dist,2.326768095238095
RAxML_distances.3.10.660.10.dist,0.7429189333333334
RAxML_distances.3.100.10.10.dist,1.9531930256410253
RAxML_distances.3.100.10.20.dist,2.086296194444444
RAxML_distances.3.15.10.10.dist,1.809976333333333
RAxML_distances.3.20.10.10.dist,2.161270163663662
RAxML_distances.3.20.110.10.dist,1.880999
RAxML_distances.3.20.120.10.dist,1.0606656
RAxML_distances.3.20.130.10.dist,0.369958
RAxML_distances.3.20.140.10.dist,1.8948440357142857
RAxML_distances.3.20.16.10.dist,1.587444619047619
RAxML_distances.3.20.180.10.dist,1.9215958
RAxML_distances.3.20.19.10.dist,1.7620418444444441
RAxML_distances.3.20.190.10.dist,2.526780163636364
RAxML_distances.3.20.20.10.dist,2.781726201266403
RAxML_distances.3.20.20.100.dist,1.789256681403513
RAxML_distances.3.20.20.110.dist,1.5748897907692305
RAxML_distances.3.20.20.120.dist,2.6499833909219404
RAxML_distances.3.20.20.140.dist,3.213123080095401
RAxML_distances.3.20.20.150.dist,2.9474177999999975
RAxML_distances.3.20.20.190.dist,2.6259782167487686
RAxML_distances.3.20.20.20.dist,2.431954024630541
RAxML_distances.3.20.20.210.dist,2.644508738095236
RAxML_distances.3.20.20.220.dist,2.056883916666666
RAxML_distances.3.20.20.240.dist,1.4626445
RAxML_distances.3.20.20.30.dist,2.4441187312252977
RAxML_distances.3.20.20.300.dist,2.023046828629033
RAxML_distances.3.20.20.330.dist,1.5362136
RAxML_distances.3.20.20.360.dist,1.564337238095238
RAxML_distances.3.20.20.370.dist,2.46451458412698
RAxML_distances.3.20.20.380.dist,1.1990234999999998
RAxML_distances.3.20.20.390.dist,1.6626071388888888
RAxML_distances.3.20.20.40.dist,1.4706790249999993
RAxML_distances.3.20.20.450.dist,2.2939560326797412
RAxML_distances.3.20.20.470.dist,0.8004207333333333
RAxML_distances.3.20.20.60.dist,3.3454013199367045
RAxML_distances.3.20.20.70.dist,3.27918274969562
RAxML_distances.3.20.20.80.dist,3.289473512151171
RAxML_distances.3.20.70.20.dist,2.531829654411765
RAxML_distances.3.20.80.10.dist,2.5930624
RAxML_distances.3.30.10.10.dist,1.2902758030303028
RAxML_distances.3.30.10.20.dist,1.971300071428572
RAxML_distances.3.30.1010.10.dist,1.9590033214285718
RAxML_distances.3.30.1020.10.dist,1.2557821999999996
RAxML_distances.3.30.1040.20.dist,0.9288453999999999
RAxML_distances.3.30.1050.10.dist,2.3861602411067198
RAxML_distances.3.30.1060.10.dist,1.3134866153846145
RAxML_distances.3.30.1070.10.dist,1.0127015000000001
RAxML_distances.3.30.110.10.dist,1.4452363333333336
RAxML_distances.3.30.110.150.dist,1.7405861666666667
RAxML_distances.3.30.110.20.dist,1.5301286181818181
RAxML_distances.3.30.110.30.dist,1.7982418000000002
RAxML_distances.3.30.110.40.dist,1.9576102666666662
RAxML_distances.3.30.110.70.dist,1.0610712444444448
RAxML_distances.3.30.1110.10.dist,1.1423149
RAxML_distances.3.30.1110.20.dist,1.0671980952380953
RAxML_distances.3.30.1120.10.dist,2.0776949523809525
RAxML_distances.3.30.1120.170.dist,1.1856981666666666
RAxML_distances.3.30.1120.30.dist,1.2699786666666664
RAxML_distances.3.30.1120.40.dist,0.1353315
RAxML_distances.3.30.1120.90.dist,1.3038611666666666
RAxML_distances.3.30.1130.10.dist,2.532720830065361
RAxML_distances.3.30.1140.32.dist,1.2028689999999997
RAxML_distances.3.30.1150.10.dist,1.9034295714285716
RAxML_distances.3.30.1180.10.dist,2.005256606060606
RAxML_distances.3.30.1230.20.dist,0.9491873055555556
RAxML_distances.3.30.1240.10.dist,2.6374628749999998
RAxML_distances.3.30.1240.20.dist,1.1432944666666667
RAxML_distances.3.30.1250.10.dist,1.5180445
RAxML_distances.3.30.1280.10.dist,1.2696651904761902
RAxML_distances.3.30.1300.10.dist,2.025902318181819
RAxML_distances.3.30.1300.30.dist,1.6581108181818176
RAxML_distances.3.30.1300.40.dist,0.9695840000000001
RAxML_distances.3.30.1310.10.dist,1.0260320476190476
RAxML_distances.3.30.1320.10.dist,1.2026427333333334
RAxML_distances.3.30.1330.10.dist,2.2668277063492046
RAxML_distances.3.30.1330.120.dist,1.269995
RAxML_distances.3.30.1330.160.dist,0.9579622999999999
RAxML_distances.3.30.1330.170.dist,1.1559656666666667
RAxML_distances.3.30.1330.180.dist,1.0560593333333335
RAxML_distances.3.30.1330.20.dist,2.24871735930736
RAxML_distances.3.30.1330.30.dist,2.4232256333333337
RAxML_distances.3.30.1330.40.dist,2.0793010253699817
RAxML_distances.3.30.1330.50.dist,1.112198098901099
RAxML_distances.3.30.1510.10.dist,0.4838928
RAxML_distances.3.30.1520.10.dist,2.47729860952381
RAxML_distances.3.30.1540.10.dist,2.0777111071428576
RAxML_distances.3.30.1540.20.dist,1.9800595000000003
RAxML_distances.3.30.1550.10.dist,1.3250786818181817
RAxML_distances.3.30.160.100.dist,1.2009865999999998
RAxML_distances.3.30.160.110.dist,1.2965791999999998
RAxML_distances.3.30.160.150.dist,1.6615116222222222
RAxML_distances.3.30.160.20.dist,3.727576699050631
RAxML_distances.3.30.160.250.dist,1.608981
RAxML_distances.3.30.160.40.dist,1.2157595000000003
RAxML_distances.3.30.160.60.dist,1.972076954524328
RAxML_distances.3.30.160.70.dist,2.5838513333333335
RAxML_distances.3.30.160.820.dist,0.7355171666666668
RAxML_distances.3.30.1600.10.dist,2.206337848484848
RAxML_distances.3.30.1610.10.dist,1.2639971333333333
RAxML_distances.3.30.1640.10.dist,2.0633171904761904
RAxML_distances.3.30.1660.10.dist,2.2777141555555556
RAxML_distances.3.30.1680.10.dist,1.8488604333333323
RAxML_distances.3.30.1690.10.dist,1.5482695999999998
RAxML_distances.3.30.170.10.dist,0.5570556000000001
RAxML_distances.3.30.1700.10.dist,0.8546512999999999
RAxML_distances.3.30.1710.10.dist,1.0094321000000002
RAxML_distances.3.30.1740.10.dist,1.3053878666666667
RAxML_distances.3.30.1740.20.dist,0.7984200277777779
RAxML_distances.3.30.1780.10.dist,1.4900899333333333
RAxML_distances.3.30.1890.10.dist,0.7838709523809526
RAxML_distances.3.30.190.10.dist,1.0460696047430833
RAxML_distances.3.30.190.20.dist,1.8403913636363642
RAxML_distances.3.30.1960.10.dist,1.6931866666666668
RAxML_distances.3.30.20.10.dist,0.7560263238095236
RAxML_distances.3.30.200.20.dist,2.5316375440452865
RAxML_distances.3.30.200.60.dist,0.9286726666666666
RAxML_distances.3.30.2010.10.dist,2.0687955238095244
RAxML_distances.3.30.2010.30.dist,1.1741568823529402
RAxML_distances.3.30.2060.10.dist,1.3779506
RAxML_distances.3.30.2090.10.dist,1.505731523809524
RAxML_distances.3.30.210.10.dist,1.4052647121212118
RAxML_distances.3.30.2130.10.dist,1.863670476190476
RAxML_distances.3.30.2130.30.dist,2.106351321428572
RAxML_distances.3.30.2140.10.dist,1.4223462380952383
RAxML_distances.3.30.2140.20.dist,1.35466
RAxML_distances.3.30.2160.10.dist,1.3562606666666666
RAxML_distances.3.30.2170.10.dist,1.5959213809523811
RAxML_distances.3.30.2230.10.dist,0.7710068000000002
RAxML_distances.3.30.2290.10.dist,1.4502865
RAxML_distances.3.30.230.10.dist,3.4631393231643157
RAxML_distances.3.30.230.40.dist,1.8514382363636364
RAxML_distances.3.30.230.70.dist,2.1858660025641017
RAxML_distances.3.30.230.80.dist,0.8024250444444446
RAxML_distances.3.30.2310.20.dist,2.3528861416666658
RAxML_distances.3.30.2320.10.dist,1.7643416666666667
RAxML_distances.3.30.2350.10.dist,2.0373367727272735
RAxML_distances.3.30.2380.10.dist,1.7348115
RAxML_distances.3.30.2390.20.dist,0.1972533333333333
RAxML_distances.3.30.240.10.dist,0.7798461666666666
RAxML_distances.3.30.240.40.dist,1.1923908333333333
RAxML_distances.3.30.2410.10.dist,1.1420145277777776
RAxML_distances.3.30.250.10.dist,0.8183214285714284
RAxML_distances.3.30.250.20.dist,0.8179328999999997
RAxML_distances.3.30.260.10.dist,1.801429116666667
RAxML_distances.3.30.280.10.dist,0.7244837777777778
RAxML_distances.3.30.30.10.dist,2.66421741058941
RAxML_distances.3.30.30.30.dist,1.2395180190476196
RAxML_distances.3.30.30.90.dist,0.020989833333333333
RAxML_distances.3.30.300.10.dist,3.114148504983393
RAxML_distances.3.30.300.110.dist,1.4514988333333332
RAxML_distances.3.30.300.130.dist,1.7580373500000002
RAxML_distances.3.30.300.20.dist,3.28977424379916
RAxML_distances.3.30.300.30.dist,2.214400757142858
RAxML_distances.3.30.300.90.dist,1.4795965250000005
RAxML_distances.3.30.310.10.dist,2.517448876190478
RAxML_distances.3.30.310.110.dist,1.0850791666666668
RAxML_distances.3.30.310.50.dist,2.768312688311688
RAxML_distances.3.30.310.80.dist,1.714865606060606
RAxML_distances.3.30.342.10.dist,0.8614194000000001
RAxML_distances.3.30.360.10.dist,3.4507864291343124
RAxML_distances.3.30.360.20.dist,1.756353
RAxML_distances.3.30.365.10.dist,3.475727476621423
RAxML_distances.3.30.370.10.dist,1.1022225
RAxML_distances.3.30.379.10.dist,2.4468010514705885
RAxML_distances.3.30.380.10.dist,1.5411284
RAxML_distances.3.30.386.10.dist,1.3008778333333335
RAxML_distances.3.30.387.10.dist,0.8534318717948717
RAxML_distances.3.30.390.10.dist,2.519505463032665
RAxML_distances.3.30.390.30.dist,2.3218266949698183
RAxML_distances.3.30.390.50.dist,2.5935388455882364
RAxML_distances.3.30.40.10.dist,3.007168335722273
RAxML_distances.3.30.40.100.dist,1.3520569333333334
RAxML_distances.3.30.410.40.dist,1.3363307
RAxML_distances.3.30.413.10.dist,2.28846974025974
RAxML_distances.3.30.420.10.dist,3.7668589532895593
RAxML_distances.3.30.420.100.dist,1.3150942888888888
RAxML_distances.3.30.420.110.dist,2.1605952999999998
RAxML_distances.3.30.420.130.dist,1.7378564642857144
RAxML_distances.3.30.420.140.dist,1.9655704
RAxML_distances.3.30.420.150.dist,2.1933821428571423
RAxML_distances.3.30.420.220.dist,0.9827843333333334
RAxML_distances.3.30.420.240.dist,1.5549145
RAxML_distances.3.30.420.330.dist,0.19561183333333323
RAxML_distances.3.30.420.40.dist,3.45184658350412
RAxML_distances.3.30.420.60.dist,2.077979177777778
RAxML_distances.3.30.420.610.dist,2.6322196785714285
RAxML_distances.3.30.420.80.dist,1.4634543916666662
RAxML_distances.3.30.428.10.dist,2.5409767666666667
RAxML_distances.3.30.429.10.dist,2.610850312971344
RAxML_distances.3.30.43.10.dist,3.48347293170732
RAxML_distances.3.30.450.150.dist,1.8989169333333333
RAxML_distances.3.30.450.190.dist,1.617964
RAxML_distances.3.30.450.20.dist,3.1406672489792666
RAxML_distances.3.30.450.270.dist,1.801368
RAxML_distances.3.30.450.30.dist,2.2870413868092676
RAxML_distances.3.30.450.330.dist,0.8519798333333334
RAxML_distances.3.30.450.40.dist,2.916827227450973
RAxML_distances.3.30.450.400.dist,1.1961884999999999
RAxML_distances.3.30.450.50.dist,1.3420044285714288
RAxML_distances.3.30.450.60.dist,2.1208612777777787
RAxML_distances.3.30.450.70.dist,1.7199699333333336
RAxML_distances.3.30.450.80.dist,2.1830372909090907
RAxML_distances.3.30.450.90.dist,2.2970797999999997
RAxML_distances.3.30.460.10.dist,3.2093279598214246
RAxML_distances.3.30.460.20.dist,1.2784129809523799
RAxML_distances.3.30.460.40.dist,1.8667346666666667
RAxML_distances.3.30.460.90.dist,1.5388779
RAxML_distances.3.30.465.10.dist,3.0099972418269245
RAxML_distances.3.30.470.10.dist,2.4542463155080236
RAxML_distances.3.30.470.160.dist,1.303917380952381
RAxML_distances.3.30.470.20.dist,2.8527168513015746
RAxML_distances.3.30.470.30.dist,2.860042840755736
RAxML_distances.3.30.479.10.dist,1.8862839555555555
RAxML_distances.3.30.479.20.dist,1.7238020999999997
RAxML_distances.3.30.479.30.dist,1.5722299999999998
RAxML_distances.3.30.497.10.dist,1.7270154357398875
RAxML_distances.3.30.499.10.dist,2.13427646969697
RAxML_distances.3.30.50.10.dist,2.6125732526427052
RAxML_distances.3.30.500.10.dist,1.6320720398656208
RAxML_distances.3.30.500.30.dist,1.7186993333333334
RAxML_distances.3.30.505.10.dist,2.0713451991659655
RAxML_distances.3.30.519.10.dist,1.1840361
RAxML_distances.3.30.530.20.dist,3.08759811994312
RAxML_distances.3.30.54.20.dist,0.960680333333333
RAxML_distances.3.30.540.10.dist,2.773403025551683
RAxML_distances.3.30.559.10.dist,3.201051587585032
RAxML_distances.3.30.559.30.dist,2.4755554722222226
RAxML_distances.3.30.559.70.dist,1.2679754666666667
RAxML_distances.3.30.56.10.dist,2.312943757575757
RAxML_distances.3.30.56.30.dist,1.5391388
RAxML_distances.3.30.560.10.dist,1.8927143333333332
RAxML_distances.3.30.565.10.dist,2.6191315589186006
RAxML_distances.3.30.565.40.dist,1.7988684000000004
RAxML_distances.3.30.572.10.dist,1.4437164778325116
RAxML_distances.3.30.590.10.dist,2.320392974193547
RAxML_distances.3.30.590.20.dist,1.8283051904761902
RAxML_distances.3.30.60.10.dist,1.0364494444444443
RAxML_distances.3.30.60.20.dist,3.129330018145157
RAxML_distances.3.30.60.30.dist,2.9369635184313765
RAxML_distances.3.30.60.300.dist,1.4877480000000003
RAxML_distances.3.30.60.50.dist,2.1228405
RAxML_distances.3.30.60.60.dist,1.1272301666666669
RAxML_distances.3.30.60.70.dist,1.3875271666666666
RAxML_distances.3.30.62.10.dist,0.23205265151515136
RAxML_distances.3.30.63.10.dist,1.3134898095238097
RAxML_distances.3.30.67.10.dist,1.0019997809523808
RAxML_distances.3.30.70.100.dist,3.837601276589693
RAxML_distances.3.30.70.1030.dist,1.4644624666666666
RAxML_distances.3.30.70.1050.dist,1.2265440666666667
RAxML_distances.3.30.70.1060.dist,1.8683168333333333
RAxML_distances.3.30.70.1130.dist,1.4102146666666666
RAxML_distances.3.30.70.1150.dist,1.6047785777777777
RAxML_distances.3.30.70.1170.dist,2.765060964285715
RAxML_distances.3.30.70.120.dist,2.92818159610389
RAxML_distances.3.30.70.1230.dist,2.1855972571428577
RAxML_distances.3.30.70.1290.dist,1.2859354285714286
RAxML_distances.3.30.70.1320.dist,0.9335868333333334
RAxML_distances.3.30.70.1350.dist,1.3820690666666668
RAxML_distances.3.30.70.140.dist,0.8257679999999997
RAxML_distances.3.30.70.1400.dist,1.705733177777778
RAxML_distances.3.30.70.141.dist,1.0805293323657492
RAxML_distances.3.30.70.1430.dist,1.5572890714285712
RAxML_distances.3.30.70.1440.dist,0.5708812999999999
RAxML_distances.3.30.70.1450.dist,1.9802248333333334
RAxML_distances.3.30.70.1470.dist,1.434604714285714
RAxML_distances.3.30.70.1490.dist,1.2279167000000002
RAxML_distances.3.30.70.150.dist,1.667318611111112
RAxML_distances.3.30.70.1660.dist,1.0546095333333334
RAxML_distances.3.30.70.1710.dist,2.2665241374113494
RAxML_distances.3.30.70.1730.dist,1.90136156043956
RAxML_distances.3.30.70.1840.dist,1.1710592666666666
RAxML_distances.3.30.70.1890.dist,1.7228058
RAxML_distances.3.30.70.1900.dist,2.06228175
RAxML_distances.3.30.70.20.dist,2.376020198838898
RAxML_distances.3.30.70.2010.dist,1.4749413333333334
RAxML_distances.3.30.70.240.dist,2.956702197580645
RAxML_distances.3.30.70.2450.dist,1.611657047619047
RAxML_distances.3.30.70.250.dist,2.5229380275862074
RAxML_distances.3.30.70.2500.dist,0.47087683333333336
RAxML_distances.3.30.70.260.dist,3.54931078401497
RAxML_distances.3.30.70.2660.dist,1.893553857142857
RAxML_distances.3.30.70.270.dist,3.4336519060376745
RAxML_distances.3.30.70.2840.dist,0.3760348214285714
RAxML_distances.3.30.70.3000.dist,1.6413331
RAxML_distances.3.30.70.3290.dist,1.5944584
RAxML_distances.3.30.70.330.dist,2.31254832724461
RAxML_distances.3.30.70.3340.dist,0.6925856666666667
RAxML_distances.3.30.70.3370.dist,0.9184186111111112
RAxML_distances.3.30.70.340.dist,1.5170862307692299
RAxML_distances.3.30.70.360.dist,2.6433800090090114
RAxML_distances.3.30.70.370.dist,1.451482
RAxML_distances.3.30.70.380.dist,1.5695447999999999
RAxML_distances.3.30.70.390.dist,1.4638954
RAxML_distances.3.30.70.420.dist,1.7891058333333332
RAxML_distances.3.30.70.470.dist,1.7344258241758241
RAxML_distances.3.30.70.520.dist,1.6021840000000003
RAxML_distances.3.30.70.560.dist,1.4203392857142856
RAxML_distances.3.30.70.580.dist,2.260812
RAxML_distances.3.30.70.590.dist,1.5367658333333336
RAxML_distances.3.30.70.60.dist,2.1747454857142867
RAxML_distances.3.30.70.600.dist,1.6202558177339894
RAxML_distances.3.30.70.640.dist,0.943274619047619
RAxML_distances.3.30.70.790.dist,1.6087967333333333
RAxML_distances.3.30.70.80.dist,1.8116537820512821
RAxML_distances.3.30.70.860.dist,1.4767041
RAxML_distances.3.30.70.870.dist,1.3008498304093565
RAxML_distances.3.30.70.890.dist,2.9237983636363647
RAxML_distances.3.30.70.920.dist,1.6546692411067194
RAxML_distances.3.30.70.930.dist,1.8841946969696974
RAxML_distances.3.30.70.940.dist,1.8749607636363634
RAxML_distances.3.30.70.980.dist,1.9007124285714283
RAxML_distances.3.30.700.10.dist,2.1547352197802203
RAxML_distances.3.30.710.10.dist,2.6360682118644085
RAxML_distances.3.30.720.10.dist,0.981942107142857
RAxML_distances.3.30.720.110.dist,2.111688095238095
RAxML_distances.3.30.720.120.dist,1.9972503333333333
RAxML_distances.3.30.720.50.dist,2.0719114
RAxML_distances.3.30.720.90.dist,0.8525018333333333
RAxML_distances.3.30.740.10.dist,0.3740417333333333
RAxML_distances.3.30.750.24.dist,2.5219967761904756
RAxML_distances.3.30.750.44.dist,2.1636867
RAxML_distances.3.30.750.70.dist,0.7293963333333333
RAxML_distances.3.30.750.80.dist,1.7806337142857145
RAxML_distances.3.30.760.10.dist,1.48542121978022
RAxML_distances.3.30.780.10.dist,1.6114534
RAxML_distances.3.30.800.10.dist,0.811913
RAxML_distances.3.30.810.10.dist,0.6310827999999999
RAxML_distances.3.30.830.10.dist,2.95208545472837
RAxML_distances.3.30.860.10.dist,1.1739597142857143
RAxML_distances.3.30.870.10.dist,2.624468809230769
RAxML_distances.3.30.890.10.dist,1.0556324444444445
RAxML_distances.3.30.9.10.dist,2.89357017051282
RAxML_distances.3.30.900.10.dist,2.0927225769230766
RAxML_distances.3.40.50.1460.dist,2.162939786206897
RAxML_distances.3.40.50.1470.dist,1.318122307692308
RAxML_distances.3.30.920.10.dist,1.458196066666667
RAxML_distances.3.30.920.30.dist,1.4369752
RAxML_distances.3.30.950.10.dist,2.845989268115944
RAxML_distances.3.30.960.10.dist,0.7892358333333335
RAxML_distances.3.40.395.10.dist,1.6799601999999998
RAxML_distances.3.40.420.10.dist,1.62829949154334
RAxML_distances.3.40.430.10.dist,2.226780276078432
RAxML_distances.3.40.440.10.dist,0.9531636363636363
RAxML_distances.3.40.449.10.dist,1.9674930000000002
RAxML_distances.3.40.462.10.dist,2.1188221555555558
RAxML_distances.3.40.462.20.dist,2.3106415500000006
RAxML_distances.3.40.47.10.dist,2.9246577248838648
RAxML_distances.3.40.470.10.dist,2.569403359999999
RAxML_distances.3.40.5.10.dist,1.1104366666666665
RAxML_distances.3.40.5.50.dist,0.7843103333333334
RAxML_distances.3.40.5.90.dist,1.2852823333333334
RAxML_distances.3.40.50.1000.dist,2.9090538727830837
RAxML_distances.3.40.50.10050.dist,1.3459724
RAxML_distances.3.40.50.10090.dist,2.9619351025641025
RAxML_distances.3.40.50.1010.dist,2.96326629871795
RAxML_distances.3.40.50.10130.dist,2.143783761904762
RAxML_distances.3.40.50.10140.dist,2.2825846147186155
RAxML_distances.3.40.50.10150.dist,1.8609556190476193
RAxML_distances.3.40.50.10170.dist,1.544422581818182
RAxML_distances.3.40.50.10190.dist,2.7533477298245637
RAxML_distances.3.40.50.10210.dist,1.7109487142857145
RAxML_distances.3.40.50.10230.dist,1.1794464
RAxML_distances.3.40.50.10240.dist,2.019420636363636
RAxML_distances.3.40.50.10260.dist,1.7049807000000001
RAxML_distances.3.40.50.10300.dist,1.5904477
RAxML_distances.3.40.50.10320.dist,1.904450888888889
RAxML_distances.3.40.50.10330.dist,2.229831029411765
RAxML_distances.3.40.50.10380.dist,1.4481770277777777
RAxML_distances.3.40.50.10420.dist,1.8366974285714284
RAxML_distances.3.40.50.10440.dist,1.8926768214285712
RAxML_distances.3.40.50.10470.dist,1.593773371794872
RAxML_distances.3.40.50.10490.dist,3.7195450111995254
RAxML_distances.3.40.50.10540.dist,1.1714513833333335
RAxML_distances.3.40.50.10580.dist,1.2604369642857145
RAxML_distances.3.40.50.10590.dist,1.7072716666666665
RAxML_distances.3.40.50.10610.dist,1.8103225333333337
RAxML_distances.3.40.50.10680.dist,1.1607969999999999
RAxML_distances.3.40.50.10710.dist,1.6735312999999998
RAxML_distances.3.40.50.10740.dist,1.6353487777777778
RAxML_distances.3.40.50.10750.dist,0.7808551333333335
RAxML_distances.3.40.50.10790.dist,1.3587324285714286
RAxML_distances.3.40.50.10800.dist,1.5947540555555557
RAxML_distances.3.40.50.10810.dist,1.3788030000000002
RAxML_distances.3.40.50.10830.dist,1.0000000000000002e-06
RAxML_distances.3.40.50.10860.dist,2.967141998511909
RAxML_distances.3.40.50.10890.dist,1.5419063809523814
RAxML_distances.3.40.50.10900.dist,2.201707305555556
RAxML_distances.3.40.50.10950.dist,1.1780341333333335
RAxML_distances.3.40.50.1100.dist,3.3977399859810067
RAxML_distances.3.40.50.1110.dist,2.6139422149019627
RAxML_distances.3.40.50.11110.dist,0.8899676000000001
RAxML_distances.3.40.50.11120.dist,1.285984
RAxML_distances.3.40.50.11230.dist,1.1750423333333333
RAxML_distances.3.40.50.11260.dist,0.8977871818181816
RAxML_distances.3.40.50.11340.dist,1.5385372
RAxML_distances.3.40.50.11350.dist,1.3101918
RAxML_distances.3.40.50.11380.dist,1.1805023333333333
RAxML_distances.3.40.50.11580.dist,1.322162
RAxML_distances.3.40.50.1170.dist,1.6083563455882361
RAxML_distances.3.40.50.11710.dist,1.5633928333333333
RAxML_distances.3.40.50.11940.dist,0.6980621666666668
RAxML_distances.3.40.50.12100.dist,0.8470519999999999
RAxML_distances.3.40.50.1220.dist,2.5049425733489206
RAxML_distances.3.40.50.12240.dist,1.2535485000000002
RAxML_distances.3.40.50.12280.dist,0.7362305
RAxML_distances.3.40.50.12370.dist,1.6568422000000003
RAxML_distances.3.40.50.1240.dist,2.782683738704179
RAxML_distances.3.40.50.12500.dist,2.021867733333333
RAxML_distances.3.40.50.1260.dist,2.2190200728744927
RAxML_distances.3.40.50.12610.dist,1.6863812666666662
RAxML_distances.3.40.50.12780.dist,2.3783637576530587
RAxML_distances.3.40.50.1360.dist,2.9209600483091798
RAxML_distances.3.40.50.1370.dist,2.8666562522831054
RAxML_distances.3.40.50.1380.dist,2.1243964095238086
RAxML_distances.3.40.50.1390.dist,1.0042205899159726
RAxML_distances.3.40.50.140.dist,1.6897832142857143
RAxML_distances.3.40.50.1400.dist,2.5913135228758177
RAxML_distances.3.40.50.1440.dist,1.9901873960113945
RAxML_distances.3.40.50.1450.dist,1.7422731000000002
RAxML_distances.3.30.980.10.dist,1.7032859555555555
RAxML_distances.3.40.1000.10.dist,1.9936439242424238
RAxML_distances.3.40.1010.10.dist,2.1680921857707514
RAxML_distances.3.40.1010.20.dist,2.478280333333333
RAxML_distances.3.40.1030.10.dist,2.0691592058823525
RAxML_distances.3.40.1050.10.dist,1.9583709723320148
RAxML_distances.3.40.1080.10.dist,2.2031156533333327
RAxML_distances.3.40.1080.20.dist,0.6421530000000001
RAxML_distances.3.40.109.10.dist,2.305757878335596
RAxML_distances.3.40.1090.10.dist,1.6543123000000002
RAxML_distances.3.40.1110.10.dist,2.443341575163399
RAxML_distances.3.40.1120.10.dist,0.8169015333333333
RAxML_distances.3.40.1160.10.dist,2.4538356612244936
RAxML_distances.3.40.1170.10.dist,1.6669837619047623
RAxML_distances.3.40.1170.20.dist,1.969240964285714
RAxML_distances.3.40.1170.60.dist,1.4276606727272725
RAxML_distances.3.40.1180.10.dist,1.6182162121212125
RAxML_distances.3.40.1190.10.dist,2.2397467566666682
RAxML_distances.3.40.1190.20.dist,2.8794288160535215
RAxML_distances.3.40.120.10.dist,3.7279964447278893
RAxML_distances.3.40.1210.10.dist,1.5456159642857146
RAxML_distances.3.40.1230.10.dist,1.7614608571428572
RAxML_distances.3.40.1260.10.dist,1.9777096190476187
RAxML_distances.3.40.1280.10.dist,3.1507099885912733
RAxML_distances.3.40.1310.20.dist,2.2476121636363637
RAxML_distances.3.40.1340.10.dist,0.8904044999999998
RAxML_distances.3.40.1350.10.dist,3.2778301677419392
RAxML_distances.3.40.1360.10.dist,2.225600483333333
RAxML_distances.3.40.1370.10.dist,1.8725518939393941
RAxML_distances.3.40.1380.10.dist,1.3504879285714289
RAxML_distances.3.40.1380.20.dist,1.686949566666667
RAxML_distances.3.40.1390.10.dist,2.3200508076923083
RAxML_distances.3.40.1390.20.dist,1.8250518333333332
RAxML_distances.3.40.1390.30.dist,1.965410428571429
RAxML_distances.3.40.140.10.dist,3.395494333845364
RAxML_distances.3.40.140.20.dist,2.0673667575757575
RAxML_distances.3.40.1400.10.dist,1.7206170522875817
RAxML_distances.3.40.1410.10.dist,2.4321399105263164
RAxML_distances.3.40.1420.30.dist,0.8577628666666667
RAxML_distances.3.40.1440.10.dist,1.9503831999999999
RAxML_distances.3.40.1450.10.dist,1.1725902
RAxML_distances.3.40.1490.10.dist,1.2043577142857143
RAxML_distances.3.40.1500.10.dist,0.8040601428571428
RAxML_distances.3.40.1500.20.dist,1.7565475000000004
RAxML_distances.3.40.1520.10.dist,0.7006805
RAxML_distances.3.40.1550.10.dist,1.8587347032967036
RAxML_distances.3.40.1570.10.dist,2.1444716181818175
RAxML_distances.3.40.1580.10.dist,2.9104806666666665
RAxML_distances.3.40.1580.30.dist,1e-06
RAxML_distances.3.40.1590.10.dist,0.8142498333333333
RAxML_distances.3.40.1620.10.dist,1.242167688888889
RAxML_distances.3.40.1620.60.dist,2.0271595000000002
RAxML_distances.3.40.1630.10.dist,1.083721
RAxML_distances.3.40.1650.10.dist,1.7054259285714288
RAxML_distances.3.40.1690.10.dist,1.2634523090909087
RAxML_distances.3.40.1700.10.dist,1.24147
RAxML_distances.3.40.1740.10.dist,1.196674380952381
RAxML_distances.3.40.1810.10.dist,0.5499449999999999
RAxML_distances.3.40.190.10.dist,5.208788589086871
RAxML_distances.3.40.190.100.dist,1.614285
RAxML_distances.3.40.190.120.dist,1.1885787499999998
RAxML_distances.3.40.190.150.dist,1.235822
RAxML_distances.3.40.190.170.dist,2.1413456918918885
RAxML_distances.3.40.190.290.dist,1.9843282857142859
RAxML_distances.3.40.190.80.dist,3.1699154474474516
RAxML_distances.3.40.190.90.dist,1.0304893333333334
RAxML_distances.3.40.198.10.dist,1.0953343333333334
RAxML_distances.3.40.20.10.dist,3.0568434355769285
RAxML_distances.3.40.220.10.dist,2.7367717167346957
RAxML_distances.3.40.225.10.dist,2.368673891666668
RAxML_distances.3.40.228.10.dist,1.8268830583333326
RAxML_distances.3.40.250.10.dist,2.5701765340040197
RAxML_distances.3.40.30.10.dist,3.2772273730442607
RAxML_distances.3.40.30.120.dist,1.681878166666666
RAxML_distances.3.40.30.40.dist,0.6892273
RAxML_distances.3.40.30.60.dist,1.4790163333333335
RAxML_distances.3.40.309.10.dist,1.9274067835497788
RAxML_distances.3.40.33.10.dist,2.173388601731603
RAxML_distances.3.40.35.10.dist,1.2987133333333332
RAxML_distances.3.40.350.10.dist,2.730278433217186
RAxML_distances.3.40.366.10.dist,2.1230024184873932
RAxML_distances.3.40.367.20.dist,2.205209805194806
RAxML_distances.3.40.390.10.dist,2.5776364700280077
RAxML_distances.3.40.390.30.dist,1.1372101666666667
RAxML_distances.3.40.50.1480.dist,0.9311917523809522
RAxML_distances.3.40.50.150.dist,3.069448266932795
RAxML_distances.3.40.50.1580.dist,2.7701437059667224
RAxML_distances.3.40.50.170.dist,2.189879708333332
RAxML_distances.3.40.50.1700.dist,1.6561438833333342
RAxML_distances.3.40.50.1760.dist,1.0814074
RAxML_distances.3.40.50.1820.dist,2.9956847495083516
RAxML_distances.3.40.50.1860.dist,2.945282766843973
RAxML_distances.3.40.50.1910.dist,1.6822110357142854
RAxML_distances.3.40.50.1950.dist,1.9627442368421035
RAxML_distances.3.40.50.1970.dist,2.8019010929419963
RAxML_distances.3.40.50.1980.dist,3.6140213578557474
RAxML_distances.3.40.50.20.dist,2.967587300388933
RAxML_distances.3.40.50.200.dist,2.007228469924814
RAxML_distances.3.40.50.2000.dist,3.4244945314397124
RAxML_distances.3.40.50.2020.dist,2.8017361637362628
RAxML_distances.3.40.50.2030.dist,2.4307040367647073
RAxML_distances.3.40.50.2060.dist,1.6127880888888886
RAxML_distances.3.40.50.2300.dist,3.744358260500487
RAxML_distances.3.40.50.261.dist,2.1017880130718947
RAxML_distances.3.40.50.280.dist,2.3535480196078438
RAxML_distances.3.40.50.300.dist,3.6216229328163365
RAxML_distances.3.40.50.360.dist,2.6869706261308717
RAxML_distances.3.40.50.40.dist,1.949323222222222
RAxML_distances.3.40.50.410.dist,2.783798088163267
RAxML_distances.3.40.50.450.dist,3.0971964349726853
RAxML_distances.3.40.50.460.dist,1.698049957142857
RAxML_distances.3.40.50.510.dist,1.8220728602941174
RAxML_distances.3.40.50.620.dist,4.197205289552636
RAxML_distances.3.40.50.670.dist,1.0858625384615386
RAxML_distances.3.40.50.700.dist,1.1545979358974365
RAxML_distances.3.40.50.720.dist,2.798558371126585
RAxML_distances.3.40.50.740.dist,1.955448025000001
RAxML_distances.3.40.50.790.dist,1.1612259555555557
RAxML_distances.3.40.50.80.dist,2.4849084283559595
RAxML_distances.3.40.50.800.dist,2.3045509956989254
RAxML_distances.3.40.50.850.dist,2.3072096702317304
RAxML_distances.3.40.50.880.dist,2.880460488118815
RAxML_distances.3.40.50.9100.dist,1.1302262878787876
RAxML_distances.3.40.50.920.dist,2.389958912878788
RAxML_distances.3.40.50.960.dist,1.6569964444444438
RAxML_distances.3.40.50.970.dist,3.172149778580649
RAxML_distances.3.40.50.980.dist,2.7322167210526316
RAxML_distances.3.40.525.10.dist,1.7687622121212123
RAxML_distances.3.40.532.10.dist,1.1972378000000001
RAxML_distances.3.40.570.10.dist,2.306373890909091
RAxML_distances.3.40.600.10.dist,1.9715173000000004
RAxML_distances.3.40.605.10.dist,2.200091462172749
RAxML_distances.3.40.630.10.dist,3.4022326373988565
RAxML_distances.3.40.630.150.dist,1.1787521666666667
RAxML_distances.3.40.630.170.dist,0.7677433333333333
RAxML_distances.3.40.630.190.dist,1.5226556666666669
RAxML_distances.3.40.630.20.dist,1.4161412222222223
RAxML_distances.3.40.630.30.dist,2.848567796816987
RAxML_distances.3.40.630.40.dist,2.182217290909091
RAxML_distances.3.40.640.10.dist,2.977818011770437
RAxML_distances.3.40.710.10.dist,2.9404903544033876
RAxML_distances.3.40.718.10.dist,2.6121582474937335
RAxML_distances.3.40.720.10.dist,2.7417884555353895
RAxML_distances.3.40.80.10.dist,2.6179314867724868
RAxML_distances.3.40.800.10.dist,1.9291582727272731
RAxML_distances.3.40.800.20.dist,1.8540518382352942
RAxML_distances.3.40.830.10.dist,2.235036095238095
RAxML_distances.3.40.850.10.dist,2.228955992600423
RAxML_distances.3.40.91.10.dist,1.9015079999999998
RAxML_distances.3.40.91.20.dist,1.6598453333333334
RAxML_distances.3.40.91.90.dist,1.2825885333333333
RAxML_distances.3.40.920.10.dist,1.6114819999999999
RAxML_distances.3.40.930.10.dist,1.9850620256410256
RAxML_distances.3.40.980.10.dist,1.9569678461538462
RAxML_distances.3.50.20.10.dist,0.2302379722222216
RAxML_distances.3.50.30.10.dist,1.7888796666666664
RAxML_distances.3.50.30.30.dist,2.453352222222222
RAxML_distances.3.50.30.40.dist,1.9328729555555555
RAxML_distances.3.50.30.50.dist,1.6859983214285716
RAxML_distances.3.50.30.60.dist,2.0216578214285716
RAxML_distances.3.50.4.10.dist,2.655010421652421
RAxML_distances.3.50.40.10.dist,1.6686214000000001
RAxML_distances.3.50.50.100.dist,1.5801865
RAxML_distances.3.50.50.60.dist,2.6103972131191684
RAxML_distances.3.50.7.10.dist,1.774262586452762
RAxML_distances.3.50.70.10.dist,1.1733746
RAxML_distances.3.50.80.10.dist,1.9097206000000007
RAxML_distances.3.50.80.20.dist,1.6681556
RAxML_distances.3.55.40.10.dist,1.3289924999999998
RAxML_distances.3.55.40.20.dist,1.0515556734505118
RAxML_distances.3.55.50.10.dist,2.0385756000000006
RAxML_distances.3.55.50.30.dist,2.2565729722222225
RAxML_distances.3.90.260.10.dist,1.5654572000000002
RAxML_distances.3.90.280.10.dist,1.876860842105262
RAxML_distances.3.90.290.10.dist,1.7737020000000001
RAxML_distances.3.90.320.10.dist,2.6020626222222227
RAxML_distances.3.90.320.20.dist,0.646377619047619
RAxML_distances.3.90.330.10.dist,0.8826108571428571
RAxML_distances.3.90.340.10.dist,1.1541632435897433
RAxML_distances.3.90.380.10.dist,2.3016023142857147
RAxML_distances.3.90.390.10.dist,0.6343994285714286
RAxML_distances.3.90.400.10.dist,1.8872705826612888
RAxML_distances.3.90.420.10.dist,1.7757445714285711
RAxML_distances.3.90.440.10.dist,0.9463070357142858
RAxML_distances.3.90.45.10.dist,1.9093197966386535
RAxML_distances.3.90.470.10.dist,1.6568739560439554
RAxML_distances.3.90.470.20.dist,2.15112796491228
RAxML_distances.3.90.510.10.dist,1.059982523809524
RAxML_distances.3.90.520.10.dist,0.6288360000000001
RAxML_distances.3.90.540.10.dist,0.6626894722222221
RAxML_distances.3.90.550.10.dist,3.3048829767529053
RAxML_distances.3.90.56.10.dist,1.2223568666666664
RAxML_distances.3.90.600.10.dist,1.342115688888889
RAxML_distances.3.90.640.10.dist,2.215369597560975
RAxML_distances.3.90.640.20.dist,1.8454035000000002
RAxML_distances.3.90.650.10.dist,2.389890586666666
RAxML_distances.3.90.660.10.dist,2.4516096956521745
RAxML_distances.3.90.660.20.dist,1.5935231666666665
RAxML_distances.3.90.70.10.dist,2.637410546955791
RAxML_distances.3.90.70.50.dist,1.2281335000000002
RAxML_distances.3.90.70.80.dist,2.2906681944444443
RAxML_distances.3.90.700.10.dist,1.8617433235294114
RAxML_distances.3.90.730.10.dist,1.904780564102564
RAxML_distances.3.90.740.10.dist,2.0648693030303034
RAxML_distances.3.90.76.10.dist,1.8311211453201985
RAxML_distances.3.90.770.10.dist,1.4404526666666666
RAxML_distances.3.90.78.10.dist,1.2238012499999997
RAxML_distances.3.90.780.10.dist,1.9444325555555555
RAxML_distances.3.90.79.10.dist,2.81013449663367
RAxML_distances.3.90.80.10.dist,1.6188696723646723
RAxML_distances.3.90.800.10.dist,1.8065412692307694
RAxML_distances.3.90.810.10.dist,1.2517264285714285
RAxML_distances.3.90.820.10.dist,1.3814496428571432
RAxML_distances.3.90.830.10.dist,1.4328208888888891
RAxML_distances.3.90.840.10.dist,0.8879256
RAxML_distances.3.90.850.10.dist,2.0632934533333342
RAxML_distances.3.90.870.10.dist,2.4398953589743577
RAxML_distances.3.90.920.10.dist,1.6198918666666664
RAxML_distances.3.90.930.1.dist,0.9584946909090908
RAxML_distances.3.90.930.12.dist,2.788011358620691
RAxML_distances.3.90.940.10.dist,1.545312509090909
RAxML_distances.3.90.940.20.dist,0.8493681904761905
RAxML_distances.3.90.950.10.dist,2.638656941666667
RAxML_distances.3.90.950.20.dist,1.1723358666666666
RAxML_distances.3.90.960.10.dist,2.072430345454545
RAxML_distances.3.90.980.10.dist,1.3424023333333333
RAxML_distances.4.10.1060.50.dist,0.710332
RAxML_distances.4.10.1090.10.dist,0.446697
RAxML_distances.4.10.110.10.dist,1.4975075714285713
RAxML_distances.4.10.1110.10.dist,1.5131289999999997
RAxML_distances.4.10.1240.10.dist,1.8884750666666672
RAxML_distances.4.10.1250.10.dist,1.2211663333333331
RAxML_distances.4.10.140.10.dist,0.2758423
RAxML_distances.4.10.160.10.dist,0.45311914285714283
RAxML_distances.4.10.170.10.dist,1.1003571052631564
RAxML_distances.4.10.180.10.dist,1.28826
RAxML_distances.4.10.20.10.dist,0.23967816666666664
RAxML_distances.3.60.10.10.dist,2.5980107048780483
RAxML_distances.3.60.110.10.dist,2.2472022427536245
RAxML_distances.3.60.120.10.dist,2.375376542857143
RAxML_distances.3.60.130.10.dist,2.288737853333332
RAxML_distances.3.60.140.10.dist,1.6298958
RAxML_distances.3.60.15.10.dist,2.6997921489031373
RAxML_distances.3.60.15.30.dist,0.8228611666666666
RAxML_distances.3.60.150.10.dist,1.3075493055555554
RAxML_distances.3.60.20.10.dist,2.5964086769559422
RAxML_distances.3.60.20.30.dist,1.2594413000000002
RAxML_distances.3.60.20.40.dist,1.4701004999999998
RAxML_distances.3.60.21.10.dist,3.0388674332881034
RAxML_distances.3.60.40.10.dist,2.4870626827586184
RAxML_distances.3.60.60.10.dist,2.111677036363636
RAxML_distances.3.60.70.12.dist,2.0680605111111103
RAxML_distances.3.60.90.10.dist,1.8227616666666668
RAxML_distances.3.65.10.10.dist,2.3983828477891183
RAxML_distances.3.65.10.20.dist,1.4587168333333331
RAxML_distances.3.70.10.10.dist,2.2627276068548388
RAxML_distances.3.75.10.10.dist,2.884623544334978
RAxML_distances.3.80.10.10.dist,2.174098175173419
RAxML_distances.3.80.20.20.dist,1.793788973684209
RAxML_distances.3.90.10.10.dist,2.163266540243902
RAxML_distances.3.90.100.10.dist,1.3158326666666664
RAxML_distances.3.90.1010.10.dist,2.1837870897435887
RAxML_distances.3.90.1030.10.dist,1.0492768055555557
RAxML_distances.3.90.105.10.dist,1.7948519722222218
RAxML_distances.3.90.1070.20.dist,1.5430318000000003
RAxML_distances.3.90.110.10.dist,2.038113248751256
RAxML_distances.3.90.1110.10.dist,1.8771920222222231
RAxML_distances.3.90.1140.10.dist,2.527007290909091
RAxML_distances.3.90.1150.10.dist,3.3956999562368906
RAxML_distances.3.90.1150.170.dist,1.373639
RAxML_distances.3.90.1150.200.dist,0.8419284999999999
RAxML_distances.3.90.1150.210.dist,1.5521018000000002
RAxML_distances.3.90.1150.60.dist,0.6985037000000001
RAxML_distances.3.90.1170.10.dist,1.5604898161764702
RAxML_distances.3.90.1170.20.dist,2.0661323809523804
RAxML_distances.3.90.1170.30.dist,1.4513059642857136
RAxML_distances.3.90.1170.40.dist,1.8357059333333334
RAxML_distances.3.90.1170.50.dist,1.2889972307692308
RAxML_distances.3.90.1180.10.dist,1.7394422424242413
RAxML_distances.3.90.120.10.dist,2.015215022222222
RAxML_distances.3.90.1200.10.dist,2.7598185604838696
RAxML_distances.3.90.1210.10.dist,2.1234766476190474
RAxML_distances.3.90.1230.10.dist,0.566204111111111
RAxML_distances.3.90.1240.10.dist,1.5849495098039217
RAxML_distances.3.90.1260.10.dist,1.2299210000000005
RAxML_distances.3.90.1280.20.dist,1.8429036476190477
RAxML_distances.3.90.1290.10.dist,1.1706311
RAxML_distances.3.90.1300.10.dist,1.7458990701754387
RAxML_distances.3.90.1310.10.dist,1.541692857142857
RAxML_distances.3.90.1380.10.dist,1.1795815
RAxML_distances.3.90.1440.10.dist,0.9171968333333332
RAxML_distances.3.90.1460.10.dist,1.1215926222222221
RAxML_distances.3.90.1480.20.dist,1.477222
RAxML_distances.3.90.15.10.dist,1.2876333
RAxML_distances.3.90.1530.10.dist,1.3154028333333334
RAxML_distances.3.90.1580.10.dist,1.7020683333333333
RAxML_distances.3.90.1600.10.dist,1.4206913523809532
RAxML_distances.3.90.1640.10.dist,1.6871352727272728
RAxML_distances.3.90.1680.10.dist,1.6541696000000001
RAxML_distances.3.90.170.10.dist,1.0249226727272727
RAxML_distances.3.90.1710.10.dist,1e-06
RAxML_distances.3.90.1720.10.dist,2.5330657724137926
RAxML_distances.3.90.1740.10.dist,0.4998538333333334
RAxML_distances.3.90.1750.10.dist,0.9111900555555557
RAxML_distances.3.90.176.10.dist,2.0656386630434787
RAxML_distances.3.90.180.10.dist,2.384074081815943
RAxML_distances.3.90.1800.10.dist,1.1646861333333334
RAxML_distances.3.90.190.10.dist,2.7402604369289763
RAxML_distances.3.90.190.20.dist,2.76773832411067
RAxML_distances.3.90.199.10.dist,1.2283160545454546
RAxML_distances.3.90.20.10.dist,0.8064690475609754
RAxML_distances.3.90.209.20.dist,1.4183853767605639
RAxML_distances.3.90.210.10.dist,1.7854838333333336
RAxML_distances.3.90.215.10.dist,1.2913190058479533
RAxML_distances.3.90.220.20.dist,1.9565608666666663
RAxML_distances.3.90.226.10.dist,2.575252709772066
RAxML_distances.3.90.228.10.dist,1.8910308901098896
RAxML_distances.3.90.228.20.dist,1.818631222222222
RAxML_distances.3.90.230.10.dist,2.2203866168929127
RAxML_distances.3.90.245.10.dist,2.073321967320262
RAxML_distances.3.90.25.10.dist,2.67864636160714
RAxML_distances.4.10.220.20.dist,1.461722266666667
RAxML_distances.4.10.240.10.dist,2.096732638888889
RAxML_distances.4.10.260.10.dist,0.8530009285714285
RAxML_distances.4.10.280.10.dist,2.035872173387096
RAxML_distances.4.10.320.10.dist,1.6138738181818186
RAxML_distances.4.10.372.10.dist,0.6045761666666666
RAxML_distances.4.10.375.10.dist,0.3892795
RAxML_distances.4.10.40.10.dist,2.199027
RAxML_distances.4.10.40.20.dist,2.859659066666666
RAxML_distances.4.10.400.10.dist,1.69785184848485
RAxML_distances.4.10.410.10.dist,1.7562820836725423
RAxML_distances.4.10.470.10.dist,2.198606292682925
RAxML_distances.4.10.480.10.dist,1.0341763333333331
RAxML_distances.4.10.490.10.dist,1.4102039285714283
RAxML_distances.4.10.520.10.dist,1.250103063157895
RAxML_distances.4.10.530.10.dist,1.5726838602941182
RAxML_distances.4.10.60.10.dist,1.5756032272727263
RAxML_distances.4.10.640.10.dist,0.8503028666666665
RAxML_distances.4.10.70.10.dist,0.9454830661764705
RAxML_distances.4.10.740.10.dist,0.5683417000000001
RAxML_distances.4.10.75.10.dist,2.2832265
RAxML_distances.4.10.80.10.dist,0.392400893939394
RAxML_distances.4.10.80.30.dist,3.3285085
RAxML_distances.4.10.80.40.dist,1.6720377999999998
RAxML_distances.4.10.800.10.dist,1.4007239
RAxML_distances.4.10.830.10.dist,1.2446065636363637
RAxML_distances.4.10.860.10.dist,1.3181076666666667
RAxML_distances.4.10.860.20.dist,1.9955100999999995
RAxML_distances.4.10.870.10.dist,0.9452361999999997
RAxML_distances.4.10.90.10.dist,0.3462308
RAxML_distances.4.10.900.10.dist,1.6940978333333334
RAxML_distances.4.10.910.10.dist,0.790512761904762
RAxML_distances.4.10.950.10.dist,0.809925380952381
RAxML_distances.4.10.960.10.dist,0.6874839333333332
RAxML_distances.6.10.140.120.dist,1.0000000000000002e-06
RAxML_distances.6.10.140.1230.dist,1e-06
RAxML_distances.6.10.140.1420.dist,0.741218
RAxML_distances.6.10.140.2220.dist,0.7922551999999999
RAxML_distances.6.10.140.360.dist,1.0000000000000002e-06
RAxML_distances.6.10.240.10.dist,0.9759305555555559
RAxML_distances.6.10.250.1170.dist,0.6231166666666667
RAxML_distances.6.10.250.1570.dist,0.596538
RAxML_distances.6.10.250.2290.dist,1e-06
RAxML_distances.6.10.250.2340.dist,0.47462983333333336
RAxML_distances.6.10.250.3260.dist,1.8894754999999999
RAxML_distances.6.10.250.3450.dist,1.1030383333333333
RAxML_distances.6.20.120.10.dist,1e-06
RAxML_distances.6.20.340.10.dist,0.8870680000000001
RAxML_distances.6.20.370.70.dist,0.7579333333333332
RAxML_distances.6.20.50.150.dist,0.3818555238095239
RAxML_distances.6.20.50.180.dist,0.31404166666666666
RAxML_distances.2.60.40.10.dist,6.202382387684552
RAxML_distances.reps.dist,10.563600473266098
